,Date,1 Topping,1 Topping Staff,1 Toppings St,3 Topping,3 Topping Staff,5 LUSH COUPON ON $40,Apricot,Apricot ST,Apricot Staff,Asia Research Free Scoop,Banana Caramel  /,Banana Caramel St,Banana Staff,Building Promotion,Chai Tea,Chai Tea Staff,Chai Tea st,Cherry Alm Staff,Cherry Almond,Cherry Almond Fudge st,Chocoate Cookies,Chocolate,Chocolate St,Chocolate Staff,Coffee,Coffee  St,Coffee Staff,Cus IC Sand Staff,Cus. IC Sand St,Double Scoop,Double Scoop ST,Double Scoop Staff,Finger B 100,Free Scoop Grassroot,Gift Voucher Reg,Gift Voucher ST,Gift coupon 3 cone,Ginger,Ginger St,Ginger Staff,Granola,Green Tea,Green Tea St,Green Tea Staff,Hazelnut,Hazelnut St,Hezelnut Staff,Ice Cream SAND,Ice Cream Sand Staff,IceCream Sand St,LUSH FOOT POWDER,Lime Coconut,Lime Coconut ST,Lime Coconut Staff,Lush Shampoo Bar $60,Mango,Mango St,Mango Staff,Mint Choco,Mint Choco  St,Mint Choco Staff,Miscellenous,Pina Colada,Pina Colada St,Pina Colada Staff,Pistachio St,Pistachio Staff,Purchase  Gift Voucher st,Pure Coco .,Pure Coco . St,Pure Coconut Staff,Red Bean,Red Bean St,Red Bean Staff,Registration day $20,S. Caramel,S. Caramel St,S. Caramel Staff,Single Scoop,Single Scoop ST,Single Scoop Staff,Staff Off -$2,Stamp Card REDEEM ST,Strawberry,Strawberry St,Strawberry Staff,Tax,Triple Scoop,Triple Scoop ST,Triple Scoop Staff,Tub Ice Cream,Tub Ice Cream ST,Tub Staff,Up 3 Toppings  ST,Vanilla Bean,Vanilla Bean St,Vanilla Bean Staff,Waffle Cone,Waffle Cone St,Waffle Cone Staff,YY Seasame,YY Seasame St,YY Seasame Staff,ZALORA $30 Spent Coupon,ZALORA Ecoupon Buy 1 Get 1 Scoop
0,Sat 1st Apr 2017,0.0,0.0,0.0,0.0,0.0,0.0,0.0,0.0,0.0,0.0,0.0,26.0,0.0,0.0,40.0,0.0,104.0,0.0,0.0,0.0,0.0,40.0,156.0,30.0,0.0,26.0,0.0,0.0,0.0,0.0,-65.0,0.0,0.0,0.0,0.0,0.0,0.0,0.0,0.0,0.0,0.0,0.0,0.0,0.0,40.0,260.0,0.0,0.0,68.0,0.0,0.0,0.0,0.0,0.0,0.0,0.0,338.0,30.0,80.0,208.0,30.0,0.0,0.0,26.0,30.0,0.0,0.0,0.0,0.0,52.0,60.0,0.0,0.0,0.0,0.0,40.0,390.0,0.0,0.0,0.0,0.0,0.0,0.0,0.0,156.0,0.0,0.0,0.0,-26.0,0.0,0.0,0.0,0.0,0.0,0.0,26.0,0.0,16.0,155.0,12.0,0.0,0.0,0.0,0.0,0.0
1,Sun 2nd Apr 2017,0.0,0.0,0.0,0.0,0.0,0.0,0.0,0.0,0.0,0.0,0.0,0.0,0.0,0.0,0.0,0.0,0.0,0.0,0.0,0.0,0.0,0.0,0.0,0.0,0.0,0.0,0.0,0.0,0.0,0.0,0.0,0.0,0.0,0.0,0.0,0.0,0.0,0.0,0.0,0.0,0.0,0.0,0.0,0.0,0.0,0.0,0.0,0.0,0.0,0.0,0.0,0.0,0.0,0.0,0.0,0.0,0.0,0.0,0.0,0.0,0.0,0.0,0.0,0.0,0.0,0.0,0.0,0.0,0.0,0.0,0.0,0.0,0.0,0.0,0.0,0.0,0.0,0.0,0.0,0.0,0.0,0.0,0.0,0.0,0.0,0.0,0.0,0.0,0.0,0.0,0.0,0.0,0.0,0.0,0.0,0.0,0.0,0.0,0.0,0.0,0.0,0.0,0.0,0.0,0.0
2,Mon 3rd Apr 2017,0.0,0.0,0.0,0.0,0.0,0.0,0.0,0.0,0.0,0.0,0.0,0.0,0.0,0.0,0.0,0.0,52.0,0.0,0.0,52.0,0.0,0.0,130.0,60.0,0.0,52.0,0.0,0.0,0.0,-20.0,-260.0,-15.0,0.0,0.0,0.0,0.0,0.0,0.0,0.0,0.0,0.0,0.0,0.0,0.0,40.0,286.0,60.0,0.0,34.0,30.0,0.0,0.0,0.0,0.0,0.0,40.0,234.0,60.0,0.0,338.0,0.0,0.0,0.0,0.0,30.0,0.0,0.0,0.0,0.0,338.0,30.0,0.0,0.0,0.0,0.0,40.0,806.0,0.0,0.0,0.0,0.0,0.0,0.0,40.0,390.0,0.0,0.0,0.0,0.0,0.0,0.0,0.0,0.0,0.0,0.0,26.0,0.0,0.0,155.0,6.0,0.0,26.0,30.0,0.0,0.0
3,Tue 4th Apr 2017,0.0,0.0,0.0,0.0,0.0,0.0,0.0,0.0,0.0,0.0,0.0,0.0,0.0,0.0,0.0,0.0,0.0,0.0,0.0,0.0,0.0,0.0,0.0,0.0,0.0,0.0,0.0,0.0,0.0,0.0,0.0,0.0,0.0,0.0,0.0,0.0,0.0,0.0,0.0,0.0,0.0,0.0,0.0,0.0,0.0,0.0,0.0,0.0,0.0,0.0,0.0,0.0,0.0,0.0,0.0,0.0,0.0,0.0,0.0,0.0,0.0,0.0,0.0,0.0,0.0,0.0,0.0,0.0,0.0,0.0,0.0,0.0,0.0,0.0,0.0,0.0,0.0,0.0,0.0,0.0,0.0,0.0,0.0,0.0,0.0,0.0,0.0,0.0,0.0,0.0,0.0,0.0,0.0,0.0,0.0,0.0,0.0,0.0,0.0,0.0,0.0,0.0,0.0,0.0,0.0
4,Wed 5th Apr 2017,0.0,0.0,6.0,0.0,0.0,0.0,0.0,0.0,0.0,0.0,0.0,234.0,0.0,0.0,0.0,0.0,26.0,0.0,0.0,0.0,0.0,120.0,390.0,60.0,0.0,0.0,0.0,0.0,0.0,-60.0,-156.0,-45.0,0.0,0.0,0.0,0.0,0.0,0.0,0.0,0.0,0.0,0.0,52.0,0.0,0.0,104.0,0.0,0.0,34.0,150.0,0.0,0.0,0.0,0.0,0.0,0.0,260.0,90.0,80.0,416.0,120.0,22.0,0.0,0.0,0.0,0.0,0.0,0.0,80.0,572.0,60.0,0.0,0.0,0.0,0.0,80.0,650.0,60.0,0.0,0.0,0.0,0.0,0.0,0.0,208.0,0.0,0.0,0.0,-52.0,0.0,0.0,0.0,0.0,0.0,0.0,26.0,0.0,8.0,195.0,24.0,0.0,26.0,0.0,0.0,0.0
5,Thu 6th Apr 2017,0.0,0.0,0.0,0.0,0.0,0.0,0.0,0.0,0.0,0.0,0.0,260.0,30.0,0.0,0.0,30.0,364.0,0.0,0.0,0.0,10.0,0.0,234.0,30.0,0.0,26.0,0.0,0.0,0.0,0.0,-247.0,-30.0,0.0,0.0,0.0,0.0,0.0,0.0,0.0,0.0,0.0,0.0,26.0,0.0,0.0,26.0,0.0,0.0,0.0,60.0,0.0,0.0,0.0,0.0,0.0,0.0,468.0,60.0,0.0,104.0,30.0,0.0,0.0,0.0,0.0,0.0,0.0,0.0,0.0,364.0,30.0,0.0,26.0,0.0,0.0,0.0,520.0,60.0,0.0,0.0,0.0,0.0,0.0,0.0,234.0,90.0,0.0,0.0,-26.0,0.0,0.0,0.0,0.0,0.0,0.0,26.0,0.0,0.0,145.0,30.0,0.0,26.0,0.0,0.0,0.0
6,Fri 7th Apr 2017,0.0,0.0,0.0,0.0,0.0,0.0,0.0,0.0,0.0,0.0,0.0,312.0,30.0,0.0,0.0,90.0,208.0,0.0,0.0,0.0,10.0,0.0,182.0,30.0,0.0,52.0,0.0,0.0,0.0,0.0,-117.0,-15.0,0.0,0.0,0.0,0.0,0.0,0.0,0.0,0.0,0.0,0.0,104.0,0.0,0.0,26.0,0.0,0.0,68.0,90.0,0.0,0.0,0.0,0.0,0.0,0.0,130.0,0.0,40.0,312.0,30.0,0.0,0.0,26.0,0.0,0.0,0.0,0.0,0.0,390.0,30.0,0.0,26.0,30.0,0.0,0.0,494.0,30.0,0.0,0.0,0.0,0.0,0.0,0.0,156.0,120.0,0.0,0.0,-26.0,-18.0,0.0,0.0,0.0,0.0,0.0,0.0,0.0,0.0,182.0,24.0,0.0,0.0,0.0,0.0,0.0
7,Sat 8th Apr 2017,0.0,0.0,0.0,0.0,0.0,0.0,0.0,0.0,0.0,0.0,0.0,234.0,30.0,0.0,0.0,0.0,182.0,0.0,0.0,52.0,0.0,80.0,182.0,90.0,0.0,0.0,0.0,0.0,0.0,-20.0,-130.0,0.0,0.0,0.0,0.0,0.0,0.0,0.0,0.0,0.0,0.0,0.0,52.0,0.0,0.0,26.0,0.0,0.0,0.0,30.0,0.0,0.0,0.0,0.0,0.0,0.0,26.0,30.0,0.0,208.0,30.0,0.0,0.0,0.0,0.0,0.0,0.0,0.0,80.0,234.0,30.0,0.0,26.0,0.0,0.0,0.0,208.0,30.0,0.0,0.0,0.0,0.0,0.0,0.0,234.0,60.0,0.0,0.0,0.0,0.0,0.0,0.0,0.0,0.0,0.0,0.0,0.0,8.0,125.0,6.0,0.0,0.0,0.0,0.0,0.0
8,Sun 9th Apr 2017,0.0,0.0,0.0,0.0,0.0,0.0,0.0,0.0,0.0,0.0,0.0,0.0,0.0,0.0,0.0,0.0,0.0,0.0,0.0,0.0,0.0,0.0,0.0,0.0,0.0,0.0,0.0,0.0,0.0,0.0,0.0,0.0,0.0,0.0,0.0,0.0,0.0,0.0,0.0,0.0,0.0,0.0,0.0,0.0,0.0,0.0,0.0,0.0,0.0,0.0,0.0,0.0,0.0,0.0,0.0,0.0,0.0,0.0,0.0,0.0,0.0,0.0,0.0,0.0,0.0,0.0,0.0,0.0,0.0,0.0,0.0,0.0,0.0,0.0,0.0,0.0,0.0,0.0,0.0,0.0,0.0,0.0,0.0,0.0,0.0,0.0,0.0,0.0,0.0,0.0,0.0,0.0,0.0,0.0,0.0,0.0,0.0,0.0,0.0,0.0,0.0,0.0,0.0,0.0,0.0
9,Mon 10th Apr 2017,0.0,0.0,9.0,0.0,0.0,0.0,0.0,0.0,0.0,0.0,0.0,234.0,0.0,0.0,0.0,0.0,52.0,0.0,0.0,26.0,20.0,0.0,286.0,30.0,0.0,0.0,0.0,0.0,0.0,0.0,-221.0,0.0,0.0,0.0,0.0,0.0,0.0,0.0,0.0,0.0,0.0,0.0,26.0,0.0,0.0,0.0,0.0,0.0,0.0,240.0,0.0,0.0,0.0,0.0,0.0,0.0,52.0,0.0,0.0,156.0,0.0,0.0,0.0,52.0,0.0,0.0,0.0,0.0,0.0,312.0,0.0,0.0,0.0,0.0,0.0,0.0,546.0,60.0,0.0,0.0,0.0,0.0,0.0,0.0,468.0,0.0,0.0,0.0,0.0,0.0,0.0,0.0,0.0,0.0,0.0,26.0,0.0,0.0,105.0,18.0,0.0,0.0,0.0,0.0,0.0
10,Tue 11th Apr 2017,0.0,0.0,3.0,0.0,0.0,0.0,0.0,0.0,0.0,0.0,0.0,234.0,0.0,0.0,0.0,30.0,312.0,0.0,40.0,26.0,0.0,40.0,338.0,0.0,0.0,0.0,0.0,0.0,0.0,0.0,-221.0,-15.0,0.0,0.0,0.0,0.0,0.0,0.0,0.0,0.0,0.0,0.0,104.0,0.0,0.0,26.0,0.0,0.0,0.0,120.0,0.0,0.0,0.0,0.0,0.0,0.0,0.0,60.0,0.0,234.0,30.0,0.0,0.0,52.0,0.0,0.0,0.0,0.0,0.0,104.0,90.0,0.0,0.0,0.0,0.0,0.0,390.0,60.0,0.0,0.0,0.0,0.0,0.0,0.0,208.0,30.0,0.0,0.0,0.0,0.0,0.0,0.0,0.0,0.0,0.0,52.0,0.0,0.0,75.0,18.0,0.0,0.0,0.0,0.0,0.0
11,Wed 12th Apr 2017,0.0,0.0,6.0,0.0,0.0,0.0,0.0,0.0,0.0,0.0,0.0,258.5,30.0,0.0,0.0,27.5,362.5,0.0,0.0,0.0,0.0,0.0,208.0,0.0,0.0,0.0,0.0,0.0,0.0,0.0,-182.0,0.0,0.0,0.0,0.0,0.0,-36.0,0.0,0.0,0.0,0.0,0.0,0.0,0.0,0.0,26.0,0.0,0.0,0.0,0.0,0.0,0.0,0.0,0.0,0.0,0.0,52.0,0.0,0.0,234.0,0.0,0.0,0.0,0.0,0.0,0.0,0.0,0.0,80.0,156.0,0.0,0.0,26.0,0.0,0.0,0.0,777.48387,0.0,0.0,0.0,0.0,0.0,0.0,0.0,130.0,30.0,0.0,0.0,-26.0,0.0,0.0,0.0,0.0,0.0,0.0,0.0,0.0,8.0,130.51613,11.5,0.0,0.0,0.0,0.0,0.0
12,Thu 13th Apr 2017,0.0,0.0,3.0,0.0,0.0,0.0,0.0,0.0,0.0,0.0,0.0,286.0,60.0,0.0,0.0,60.0,234.0,0.0,0.0,52.0,10.0,0.0,338.0,60.0,0.0,0.0,0.0,0.0,0.0,0.0,-260.0,-30.0,0.0,0.0,0.0,0.0,-108.0,0.0,0.0,0.0,0.0,0.0,0.0,0.0,0.0,52.0,0.0,0.0,0.0,30.0,0.0,0.0,0.0,0.0,0.0,0.0,130.0,90.0,0.0,598.0,0.0,0.0,0.0,0.0,0.0,0.0,0.0,0.0,0.0,364.0,30.0,0.0,0.0,0.0,0.0,0.0,494.0,30.0,0.0,0.0,0.0,0.0,0.0,0.0,182.0,30.0,0.0,0.0,-26.0,0.0,0.0,0.0,0.0,0.0,0.0,0.0,0.0,0.0,200.0,36.0,0.0,52.0,30.0,0.0,0.0
13,Fri 14th Apr 2017,0.0,0.0,0.0,0.0,0.0,0.0,0.0,0.0,0.0,0.0,0.0,0.0,0.0,0.0,0.0,0.0,0.0,0.0,0.0,0.0,0.0,0.0,0.0,0.0,0.0,0.0,0.0,0.0,0.0,0.0,0.0,0.0,0.0,0.0,0.0,0.0,0.0,0.0,0.0,0.0,0.0,0.0,0.0,0.0,0.0,0.0,0.0,0.0,0.0,0.0,0.0,0.0,0.0,0.0,0.0,0.0,0.0,0.0,0.0,0.0,0.0,0.0,0.0,0.0,0.0,0.0,0.0,0.0,0.0,0.0,0.0,0.0,0.0,0.0,0.0,0.0,0.0,0.0,0.0,0.0,0.0,0.0,0.0,0.0,0.0,0.0,0.0,0.0,0.0,0.0,0.0,0.0,0.0,0.0,0.0,0.0,0.0,0.0,0.0,0.0,0.0,0.0,0.0,0.0,0.0
14,Sat 15th Apr 2017,0.0,0.0,0.0,0.0,0.0,0.0,0.0,0.0,0.0,0.0,0.0,130.0,30.0,0.0,0.0,0.0,0.0,0.0,0.0,0.0,0.0,0.0,104.0,0.0,0.0,0.0,0.0,0.0,0.0,0.0,-91.0,-15.0,0.0,0.0,0.0,0.0,0.0,0.0,0.0,0.0,0.0,0.0,0.0,0.0,0.0,26.0,0.0,0.0,0.0,0.0,0.0,0.0,0.0,0.0,0.0,31.66667,234.0,30.0,0.0,234.0,30.0,0.0,0.0,0.0,0.0,0.0,0.0,0.0,0.0,208.0,30.0,0.0,0.0,0.0,0.0,0.0,78.0,30.0,0.0,0.0,0.0,0.0,0.0,0.0,104.0,0.0,0.0,0.0,-26.0,0.0,0.0,0.0,0.0,0.0,0.0,0.0,0.0,6.33333,60.0,6.0,0.0,26.0,0.0,0.0,0.0
15,Sun 16th Apr 2017,0.0,0.0,0.0,0.0,0.0,0.0,0.0,0.0,0.0,0.0,0.0,0.0,0.0,0.0,0.0,0.0,0.0,0.0,0.0,0.0,0.0,0.0,0.0,0.0,0.0,0.0,0.0,0.0,0.0,0.0,0.0,0.0,0.0,0.0,0.0,0.0,0.0,0.0,0.0,0.0,0.0,0.0,0.0,0.0,0.0,0.0,0.0,0.0,0.0,0.0,0.0,0.0,0.0,0.0,0.0,0.0,0.0,0.0,0.0,0.0,0.0,0.0,0.0,0.0,0.0,0.0,0.0,0.0,0.0,0.0,0.0,0.0,0.0,0.0,0.0,0.0,0.0,0.0,0.0,0.0,0.0,0.0,0.0,0.0,0.0,0.0,0.0,0.0,0.0,0.0,0.0,0.0,0.0,0.0,0.0,0.0,0.0,0.0,0.0,0.0,0.0,0.0,0.0,0.0,0.0
16,Mon 17th Apr 2017,0.0,0.0,0.0,0.0,0.0,0.0,0.0,0.0,0.0,0.0,0.0,130.0,0.0,0.0,0.0,0.0,0.0,0.0,0.0,0.0,0.0,0.0,52.0,90.0,0.0,0.0,0.0,0.0,0.0,0.0,-52.0,-15.0,0.0,0.0,0.0,0.0,-9.0,0.0,0.0,0.0,0.0,0.0,0.0,0.0,0.0,0.0,0.0,0.0,0.0,90.0,0.0,0.0,0.0,0.0,0.0,40.0,156.0,30.0,0.0,104.0,0.0,0.0,0.0,0.0,0.0,0.0,0.0,0.0,0.0,78.0,120.0,0.0,0.0,0.0,0.0,0.0,156.0,0.0,0.0,0.0,0.0,0.0,0.0,0.0,182.0,30.0,0.0,0.0,0.0,0.0,0.0,0.0,0.0,0.0,0.0,0.0,0.0,8.0,70.0,30.0,0.0,0.0,0.0,0.0,0.0
17,Tue 18th Apr 2017,0.0,4.0,6.0,0.0,8.0,0.0,0.0,0.0,0.0,0.0,0.0,286.0,90.0,0.0,0.0,30.0,390.0,0.0,0.0,26.0,0.0,0.0,208.0,60.0,0.0,26.0,0.0,0.0,0.0,0.0,-143.0,-30.0,0.0,0.0,0.0,0.0,0.0,0.0,0.0,0.0,0.0,0.0,78.0,0.0,0.0,78.0,0.0,0.0,34.0,0.0,0.0,0.0,0.0,0.0,0.0,0.0,390.0,0.0,0.0,52.0,0.0,0.0,0.0,104.0,30.0,0.0,0.0,0.0,40.0,182.0,0.0,0.0,26.0,0.0,0.0,0.0,52.0,0.0,0.0,0.0,0.0,0.0,0.0,0.0,156.0,90.0,0.0,0.0,-26.0,0.0,0.0,0.0,0.0,14.0,0.0,52.0,0.0,8.0,100.0,12.0,0.0,0.0,0.0,0.0,0.0
18,Wed 19th Apr 2017,0.0,6.0,6.0,0.0,0.0,0.0,0.0,0.0,0.0,0.0,0.0,390.0,0.0,0.0,80.0,30.0,156.0,30.0,0.0,52.0,30.0,0.0,234.0,30.0,0.0,78.0,0.0,0.0,0.0,-40.0,-130.0,-15.0,0.0,0.0,0.0,0.0,-6.0,0.0,0.0,0.0,0.0,0.0,52.0,0.0,0.0,52.0,0.0,0.0,34.0,180.0,0.0,0.0,0.0,0.0,0.0,40.0,338.0,30.0,40.0,26.0,0.0,2.0,0.0,130.0,0.0,0.0,0.0,0.0,40.0,390.0,60.0,0.0,0.0,0.0,0.0,0.0,130.0,30.0,0.0,0.0,0.0,0.0,0.0,40.0,364.0,0.0,0.0,0.0,0.0,0.0,0.0,0.0,0.0,7.0,0.0,26.0,0.0,24.0,135.0,0.0,0.0,26.0,0.0,0.0,0.0
19,Thu 20th Apr 2017,0.0,0.0,9.0,10.0,0.0,0.0,0.0,0.0,0.0,0.0,0.0,286.0,0.0,0.0,0.0,30.0,260.0,0.0,0.0,0.0,0.0,40.0,364.0,150.0,0.0,0.0,0.0,0.0,0.0,0.0,-65.0,-30.0,0.0,0.0,0.0,0.0,0.0,0.0,0.0,0.0,0.0,0.0,0.0,0.0,0.0,26.0,0.0,0.0,0.0,30.0,0.0,0.0,0.0,0.0,0.0,0.0,338.0,60.0,0.0,156.0,0.0,2.0,0.0,104.0,60.0,0.0,0.0,0.0,0.0,364.0,30.0,0.0,26.0,0.0,0.0,0.0,130.0,30.0,0.0,0.0,0.0,0.0,0.0,0.0,130.0,0.0,0.0,0.0,0.0,0.0,0.0,0.0,0.0,14.0,0.0,52.0,0.0,0.0,180.0,24.0,0.0,26.0,0.0,0.0,0.0
20,Fri 21st Apr 2017,0.0,0.0,15.0,0.0,0.0,0.0,0.0,0.0,0.0,0.0,0.0,156.0,0.0,0.0,40.0,60.0,286.0,0.0,80.0,0.0,20.0,0.0,156.0,120.0,40.0,26.0,0.0,0.0,0.0,0.0,-78.0,-60.0,0.0,0.0,0.0,0.0,-9.0,0.0,0.0,0.0,0.0,80.0,208.0,30.0,0.0,156.0,0.0,0.0,0.0,150.0,0.0,0.0,0.0,0.0,0.0,0.0,286.0,150.0,0.0,0.0,30.0,0.0,0.0,78.0,0.0,0.0,0.0,0.0,0.0,182.0,120.0,40.0,26.0,0.0,0.0,0.0,26.0,0.0,0.0,0.0,0.0,0.0,0.0,0.0,182.0,0.0,0.0,0.0,0.0,0.0,0.0,0.0,0.0,0.0,0.0,78.0,0.0,0.0,135.0,18.0,0.0,26.0,0.0,0.0,0.0
21,Sat 22nd Apr 2017,0.0,0.0,0.0,0.0,0.0,0.0,0.0,0.0,0.0,0.0,0.0,76.33333,0.0,0.0,0.0,0.0,50.33333,0.0,0.0,24.33333,0.0,0.0,104.0,0.0,0.0,0.0,0.0,0.0,0.0,0.0,-52.0,0.0,0.0,0.0,0.0,0.0,-3.0,0.0,0.0,0.0,0.0,0.0,130.0,0.0,0.0,154.33333,0.0,45.0,0.0,180.0,0.0,0.0,0.0,0.0,0.0,0.0,153.14286,30.0,0.0,99.71429,0.0,0.0,0.0,52.0,0.0,0.0,0.0,0.0,0.0,128.33333,30.0,0.0,0.0,0.0,0.0,0.0,99.47619,0.0,0.0,0.0,0.0,0.0,0.0,0.0,26.0,30.0,0.0,0.0,0.0,0.0,0.0,0.0,0.0,0.0,0.0,52.0,0.0,0.0,30.0,12.0,0.0,26.0,0.0,0.0,0.0
22,Sun 23rd Apr 2017,0.0,0.0,0.0,0.0,0.0,0.0,0.0,0.0,0.0,0.0,0.0,0.0,0.0,0.0,0.0,0.0,0.0,0.0,0.0,0.0,0.0,0.0,0.0,0.0,0.0,0.0,0.0,0.0,0.0,0.0,0.0,0.0,0.0,0.0,0.0,0.0,0.0,0.0,0.0,0.0,0.0,0.0,0.0,0.0,0.0,0.0,0.0,0.0,0.0,0.0,0.0,0.0,0.0,0.0,0.0,0.0,0.0,0.0,0.0,0.0,0.0,0.0,0.0,0.0,0.0,0.0,0.0,0.0,0.0,0.0,0.0,0.0,0.0,0.0,0.0,0.0,0.0,0.0,0.0,0.0,0.0,0.0,0.0,0.0,0.0,0.0,0.0,0.0,0.0,0.0,0.0,0.0,0.0,0.0,0.0,0.0,0.0,0.0,0.0,0.0,0.0,0.0,0.0,0.0,0.0
23,Mon 24th Apr 2017,0.0,4.0,0.0,0.0,0.0,0.0,0.0,0.0,0.0,0.0,0.0,26.0,0.0,0.0,0.0,30.0,0.0,0.0,0.0,26.0,0.0,0.0,130.0,0.0,0.0,0.0,0.0,0.0,0.0,0.0,-39.0,-15.0,0.0,0.0,0.0,0.0,-6.0,0.0,0.0,0.0,0.0,0.0,234.0,60.0,0.0,208.0,90.0,0.0,0.0,180.0,0.0,0.0,0.0,0.0,0.0,0.0,78.0,60.0,0.0,26.0,0.0,0.0,0.0,104.0,0.0,0.0,0.0,0.0,0.0,26.0,90.0,0.0,0.0,0.0,0.0,0.0,104.0,30.0,0.0,0.0,0.0,0.0,0.0,0.0,52.0,0.0,0.0,0.0,0.0,0.0,0.0,0.0,0.0,0.0,0.0,104.0,0.0,0.0,75.0,30.0,0.0,0.0,0.0,0.0,0.0
24,Tue 25th Apr 2017,0.0,4.0,3.0,0.0,0.0,0.0,0.0,0.0,0.0,0.0,0.0,26.0,0.0,0.0,0.0,30.0,26.0,0.0,0.0,0.0,10.0,0.0,104.0,60.0,0.0,0.0,30.0,0.0,0.0,0.0,-13.0,-15.0,0.0,0.0,0.0,0.0,-6.0,0.0,0.0,0.0,0.0,0.0,78.0,0.0,0.0,130.0,60.0,0.0,0.0,0.0,0.0,0.0,0.0,0.0,0.0,0.0,104.0,30.0,0.0,52.0,0.0,0.0,0.0,52.0,30.0,0.0,0.0,0.0,0.0,26.0,30.0,0.0,0.0,0.0,0.0,0.0,52.0,0.0,0.0,0.0,0.0,0.0,0.0,0.0,26.0,0.0,0.0,0.0,-26.0,0.0,0.0,0.0,0.0,0.0,0.0,130.0,0.0,0.0,30.0,6.0,0.0,52.0,0.0,0.0,0.0
25,Wed 26th Apr 2017,0.0,0.0,6.0,0.0,0.0,0.0,0.0,0.0,0.0,0.0,0.0,78.0,0.0,0.0,0.0,0.0,104.0,0.0,0.0,26.0,20.0,80.0,156.0,60.0,0.0,0.0,0.0,0.0,0.0,0.0,-130.0,-30.0,0.0,0.0,0.0,0.0,-24.0,0.0,0.0,0.0,0.0,0.0,130.0,30.0,0.0,260.0,90.0,0.0,0.0,90.0,0.0,0.0,0.0,0.0,0.0,0.0,260.0,30.0,0.0,52.0,0.0,0.0,0.0,52.0,30.0,0.0,0.0,0.0,0.0,52.0,0.0,0.0,26.0,30.0,0.0,0.0,78.0,30.0,0.0,0.0,0.0,0.0,0.0,0.0,208.0,60.0,0.0,0.0,0.0,0.0,0.0,0.0,0.0,0.0,0.0,182.0,60.0,8.0,80.0,18.0,0.0,0.0,0.0,0.0,0.0
26,Thu 27th Apr 2017,0.0,0.0,3.0,0.0,0.0,0.0,0.0,0.0,0.0,0.0,0.0,78.0,0.0,0.0,0.0,0.0,52.0,0.0,0.0,50.33333,0.0,40.0,180.33333,30.0,0.0,24.33333,0.0,0.0,0.0,0.0,-52.0,-30.0,0.0,0.0,0.0,0.0,-15.0,0.0,0.0,0.0,0.0,0.0,104.0,30.0,0.0,286.0,0.0,0.0,0.0,90.0,0.0,0.0,0.0,0.0,0.0,0.0,128.33333,60.0,0.0,76.33333,0.0,0.0,0.0,154.33333,90.0,0.0,0.0,0.0,0.0,26.0,30.0,0.0,52.0,0.0,0.0,0.0,312.0,60.0,0.0,0.0,0.0,0.0,0.0,0.0,130.0,30.0,0.0,0.0,0.0,0.0,0.0,0.0,0.0,0.0,0.0,52.0,30.0,0.0,85.0,6.0,0.0,52.0,90.0,0.0,0.0
27,Fri 28th Apr 2017,0.0,0.0,0.0,0.0,0.0,0.0,0.0,0.0,0.0,0.0,0.0,52.0,0.0,0.0,0.0,0.0,78.0,0.0,0.0,0.0,30.0,0.0,182.0,30.0,0.0,0.0,0.0,0.0,0.0,0.0,-26.0,0.0,0.0,0.0,0.0,0.0,0.0,0.0,0.0,0.0,0.0,0.0,52.0,0.0,0.0,260.0,30.0,0.0,0.0,30.0,0.0,0.0,0.0,0.0,0.0,0.0,0.0,0.0,0.0,52.0,0.0,0.0,0.0,0.0,30.0,0.0,0.0,0.0,0.0,78.0,0.0,0.0,26.0,0.0,0.0,0.0,520.0,0.0,0.0,0.0,0.0,0.0,0.0,0.0,52.0,0.0,0.0,0.0,-26.0,0.0,0.0,0.0,0.0,0.0,0.0,78.0,0.0,0.0,120.0,6.0,0.0,156.0,0.0,0.0,0.0
28,Sat 29th Apr 2017,0.0,0.0,0.0,0.0,0.0,0.0,0.0,0.0,0.0,0.0,0.0,0.0,0.0,0.0,0.0,0.0,26.0,0.0,0.0,26.0,0.0,40.0,130.0,30.0,0.0,26.0,0.0,0.0,0.0,0.0,-91.0,-30.0,0.0,0.0,0.0,0.0,-9.0,0.0,0.0,0.0,0.0,0.0,208.0,60.0,0.0,130.0,90.0,0.0,0.0,30.0,0.0,0.0,0.0,0.0,0.0,0.0,0.0,0.0,0.0,104.0,30.0,0.0,0.0,52.0,0.0,0.0,0.0,0.0,40.0,0.0,0.0,0.0,0.0,0.0,0.0,80.0,338.0,90.0,0.0,0.0,0.0,0.0,0.0,80.0,78.0,90.0,0.0,0.0,0.0,0.0,0.0,0.0,0.0,7.0,0.0,52.0,0.0,24.0,55.0,30.0,0.0,182.0,0.0,0.0,0.0
29,Sun 30th Apr 2017,0.0,0.0,0.0,0.0,0.0,0.0,0.0,0.0,0.0,0.0,0.0,0.0,0.0,0.0,0.0,0.0,0.0,0.0,0.0,0.0,0.0,0.0,0.0,0.0,0.0,0.0,0.0,0.0,0.0,0.0,0.0,0.0,0.0,0.0,0.0,0.0,0.0,0.0,0.0,0.0,0.0,0.0,0.0,0.0,0.0,0.0,0.0,0.0,0.0,0.0,0.0,0.0,0.0,0.0,0.0,0.0,0.0,0.0,0.0,0.0,0.0,0.0,0.0,0.0,0.0,0.0,0.0,0.0,0.0,0.0,0.0,0.0,0.0,0.0,0.0,0.0,0.0,0.0,0.0,0.0,0.0,0.0,0.0,0.0,0.0,0.0,0.0,0.0,0.0,0.0,0.0,0.0,0.0,0.0,0.0,0.0,0.0,0.0,0.0,0.0,0.0,0.0,0.0,0.0,0.0
30,Mon 1st May 2017,0.0,0.0,0.0,0.0,0.0,0.0,0.0,0.0,0.0,0.0,80.0,182.0,90.0,0.0,0.0,0.0,0.0,0.0,0.0,0.0,10.0,200.0,26.0,90.0,0.0,26.0,0.0,0.0,0.0,-80.0,-65.0,-60.0,0.0,0.0,0.0,0.0,0.0,0.0,0.0,0.0,0.0,120.0,130.0,30.0,80.0,104.0,30.0,0.0,0.0,0.0,0.0,0.0,0.0,0.0,0.0,0.0,0.0,0.0,0.0,0.0,0.0,0.0,0.0,0.0,0.0,0.0,0.0,0.0,40.0,52.0,0.0,0.0,0.0,0.0,0.0,0.0,26.0,0.0,0.0,0.0,0.0,0.0,0.0,80.0,104.0,60.0,0.0,0.0,0.0,0.0,0.0,0.0,0.0,7.0,160.0,104.0,0.0,64.0,55.0,18.0,40.0,52.0,30.0,0.0,0.0
31,Tue 2nd May 2017,0.0,0.0,0.0,0.0,0.0,0.0,0.0,0.0,0.0,0.0,40.0,182.0,30.0,0.0,0.0,0.0,0.0,0.0,0.0,0.0,0.0,40.0,208.0,0.0,0.0,26.0,0.0,0.0,0.0,-40.0,-39.0,-15.0,0.0,0.0,0.0,0.0,-6.0,0.0,0.0,0.0,0.0,40.0,104.0,0.0,40.0,234.0,30.0,0.0,102.0,90.0,0.0,0.0,0.0,0.0,0.0,0.0,0.0,0.0,0.0,78.0,0.0,0.0,40.0,52.0,30.0,0.0,0.0,0.0,0.0,0.0,0.0,0.0,0.0,0.0,0.0,0.0,0.0,0.0,0.0,0.0,0.0,0.0,0.0,0.0,78.0,0.0,0.0,0.0,0.0,0.0,0.0,0.0,0.0,7.0,40.0,78.0,30.0,32.0,75.0,12.0,80.0,26.0,0.0,0.0,0.0
32,Wed 3rd May 2017,0.0,4.0,3.0,0.0,0.0,0.0,0.0,0.0,0.0,0.0,0.0,156.0,30.0,0.0,0.0,0.0,0.0,0.0,0.0,0.0,0.0,0.0,130.0,60.0,0.0,0.0,0.0,0.0,0.0,0.0,-130.0,-30.0,0.0,0.0,0.0,0.0,-3.0,0.0,0.0,0.0,0.0,0.0,130.0,60.0,40.0,156.0,30.0,0.0,0.0,0.0,0.0,0.0,0.0,0.0,0.0,0.0,156.0,0.0,40.0,78.0,0.0,0.0,0.0,104.0,0.0,0.0,0.0,0.0,40.0,26.0,0.0,0.0,26.0,0.0,0.0,0.0,0.0,0.0,0.0,0.0,0.0,0.0,0.0,40.0,156.0,0.0,0.0,0.0,-26.0,0.0,0.0,0.0,0.0,7.0,40.0,156.0,0.0,8.0,100.0,24.0,0.0,78.0,60.0,0.0,0.0
33,Thu 4th May 2017,0.0,0.0,0.0,0.0,0.0,0.0,0.0,0.0,0.0,0.0,0.0,26.0,0.0,0.0,0.0,0.0,26.0,0.0,0.0,52.0,20.0,0.0,156.0,0.0,0.0,26.0,0.0,0.0,0.0,0.0,-91.0,0.0,0.0,0.0,0.0,0.0,-3.0,0.0,0.0,0.0,0.0,0.0,104.0,0.0,0.0,130.0,0.0,0.0,0.0,60.0,0.0,0.0,0.0,0.0,0.0,0.0,156.0,30.0,40.0,104.0,60.0,0.0,0.0,26.0,0.0,0.0,0.0,0.0,0.0,78.0,30.0,0.0,26.0,0.0,0.0,0.0,26.0,0.0,0.0,0.0,0.0,0.0,0.0,0.0,52.0,0.0,0.0,0.0,0.0,0.0,0.0,0.0,0.0,7.0,0.0,104.0,0.0,8.0,30.0,12.0,0.0,78.0,0.0,0.0,0.0
34,Fri 5th May 2017,0.0,0.0,6.0,0.0,0.0,0.0,0.0,0.0,0.0,0.0,0.0,130.0,0.0,0.0,0.0,0.0,0.0,0.0,0.0,0.0,10.0,40.0,78.0,0.0,0.0,0.0,0.0,0.0,0.0,0.0,-39.0,-15.0,0.0,0.0,0.0,0.0,-6.0,0.0,0.0,0.0,0.0,0.0,0.0,0.0,0.0,52.0,0.0,0.0,0.0,30.0,0.0,0.0,0.0,0.0,0.0,0.0,156.0,60.0,0.0,52.0,90.0,0.0,0.0,26.0,30.0,0.0,0.0,0.0,120.0,234.0,90.0,0.0,26.0,0.0,0.0,0.0,52.0,30.0,0.0,0.0,0.0,0.0,0.0,0.0,156.0,0.0,0.0,0.0,0.0,0.0,0.0,0.0,0.0,0.0,0.0,78.0,0.0,8.0,75.0,6.0,0.0,26.0,0.0,0.0,0.0
35,Sat 6th May 2017,0.0,0.0,3.0,0.0,0.0,0.0,0.0,0.0,0.0,0.0,0.0,182.0,90.0,0.0,0.0,0.0,104.0,30.0,0.0,78.0,0.0,120.0,52.0,0.0,0.0,26.0,0.0,0.0,0.0,-40.0,-39.0,-30.0,0.0,0.0,0.0,0.0,-3.0,0.0,0.0,0.0,0.0,0.0,0.0,0.0,0.0,0.0,0.0,0.0,0.0,30.0,0.0,0.0,0.0,0.0,0.0,40.0,52.0,150.0,40.0,208.0,30.0,0.0,0.0,0.0,0.0,0.0,0.0,0.0,120.0,156.0,30.0,0.0,0.0,0.0,0.0,0.0,0.0,0.0,0.0,0.0,0.0,0.0,0.0,40.0,104.0,30.0,0.0,0.0,-26.0,0.0,0.0,0.0,0.0,0.0,0.0,26.0,0.0,16.0,90.0,18.0,0.0,104.0,0.0,0.0,0.0
36,Sun 7th May 2017,0.0,0.0,0.0,0.0,0.0,0.0,0.0,0.0,0.0,0.0,0.0,0.0,0.0,0.0,0.0,0.0,0.0,0.0,0.0,0.0,0.0,0.0,0.0,0.0,0.0,0.0,0.0,0.0,0.0,0.0,0.0,0.0,0.0,0.0,0.0,0.0,0.0,0.0,0.0,0.0,0.0,0.0,0.0,0.0,0.0,0.0,0.0,0.0,0.0,0.0,0.0,0.0,0.0,0.0,0.0,0.0,0.0,0.0,0.0,0.0,0.0,0.0,0.0,0.0,0.0,0.0,0.0,0.0,0.0,0.0,0.0,0.0,0.0,0.0,0.0,0.0,0.0,0.0,0.0,0.0,0.0,0.0,0.0,0.0,0.0,0.0,0.0,0.0,0.0,0.0,0.0,0.0,0.0,0.0,0.0,0.0,0.0,0.0,0.0,0.0,0.0,0.0,0.0,0.0,0.0
37,Mon 8th May 2017,0.0,0.0,3.0,0.0,0.0,0.0,0.0,0.0,0.0,0.0,40.0,312.0,0.0,-65.0,0.0,0.0,0.0,30.0,0.0,130.0,0.0,0.0,26.0,0.0,0.0,0.0,0.0,0.0,0.0,0.0,-143.0,-15.0,0.0,0.0,0.0,0.0,-3.0,0.0,0.0,0.0,0.0,0.0,26.0,0.0,0.0,26.0,0.0,0.0,68.0,30.0,0.0,0.0,0.0,0.0,0.0,0.0,130.0,60.0,0.0,156.0,0.0,0.0,0.0,0.0,0.0,0.0,0.0,0.0,40.0,208.0,60.0,0.0,0.0,0.0,0.0,0.0,0.0,0.0,0.0,0.0,0.0,0.0,0.0,0.0,104.0,30.0,0.0,0.0,0.0,0.0,0.0,0.0,0.0,7.0,0.0,0.0,0.0,16.0,75.0,12.0,0.0,78.0,90.0,0.0,0.0
38,Tue 9th May 2017,0.0,0.0,0.0,0.0,0.0,0.0,0.0,0.0,0.0,0.0,0.0,26.0,0.0,-78.0,0.0,0.0,0.0,0.0,0.0,52.0,0.0,0.0,26.0,0.0,0.0,0.0,0.0,0.0,0.0,0.0,-91.0,0.0,0.0,0.0,0.0,0.0,-3.0,0.0,0.0,0.0,0.0,0.0,0.0,0.0,0.0,0.0,0.0,0.0,102.0,30.0,0.0,0.0,0.0,0.0,0.0,0.0,104.0,0.0,0.0,260.0,60.0,0.0,0.0,52.0,0.0,0.0,0.0,0.0,0.0,78.0,60.0,0.0,0.0,0.0,0.0,0.0,208.0,30.0,0.0,0.0,0.0,0.0,0.0,0.0,182.0,0.0,0.0,0.0,0.0,0.0,0.0,0.0,0.0,0.0,0.0,0.0,0.0,0.0,65.0,6.0,0.0,78.0,0.0,0.0,0.0
39,Wed 10th May 2017,0.0,0.0,6.0,0.0,0.0,0.0,0.0,0.0,0.0,0.0,0.0,0.0,0.0,-130.0,0.0,0.0,52.0,60.0,0.0,78.0,0.0,0.0,0.0,90.0,0.0,26.0,0.0,0.0,0.0,0.0,-156.0,-75.0,0.0,0.0,0.0,0.0,0.0,0.0,0.0,0.0,0.0,0.0,52.0,30.0,0.0,52.0,0.0,0.0,0.0,0.0,0.0,0.0,0.0,0.0,0.0,160.0,182.0,90.0,40.0,234.0,30.0,0.0,0.0,52.0,30.0,0.0,0.0,0.0,0.0,130.0,90.0,0.0,0.0,0.0,0.0,40.0,260.0,60.0,0.0,0.0,0.0,0.0,0.0,0.0,156.0,30.0,0.0,0.0,0.0,0.0,0.0,0.0,0.0,0.0,0.0,26.0,30.0,32.0,80.0,42.0,0.0,208.0,60.0,0.0,0.0
40,Thu 11th May 2017,5.0,0.0,3.0,0.0,0.0,0.0,0.0,0.0,0.0,0.0,0.0,0.0,0.0,-234.0,0.0,30.0,0.0,30.0,0.0,182.0,0.0,0.0,52.0,0.0,0.0,0.0,30.0,0.0,0.0,0.0,-286.0,0.0,0.0,0.0,0.0,0.0,0.0,0.0,0.0,0.0,0.0,0.0,0.0,30.0,0.0,0.0,0.0,0.0,0.0,30.0,0.0,0.0,0.0,0.0,0.0,0.0,78.0,60.0,80.0,338.0,0.0,0.0,0.0,182.0,0.0,0.0,0.0,0.0,40.0,130.0,60.0,0.0,0.0,0.0,0.0,120.0,364.0,30.0,0.0,0.0,0.0,0.0,0.0,80.0,338.0,0.0,0.0,0.0,-26.0,0.0,0.0,0.0,0.0,0.0,80.0,52.0,30.0,24.0,120.0,12.0,0.0,130.0,0.0,0.0,0.0
41,Fri 12th May 2017,0.0,0.0,9.0,0.0,0.0,0.0,0.0,0.0,0.0,0.0,0.0,0.0,0.0,-104.0,0.0,0.0,52.0,0.0,0.0,104.0,0.0,0.0,312.0,0.0,0.0,0.0,30.0,0.0,0.0,0.0,-247.0,-15.0,0.0,0.0,0.0,0.0,0.0,0.0,0.0,0.0,0.0,0.0,0.0,0.0,0.0,0.0,0.0,0.0,0.0,30.0,0.0,0.0,0.0,0.0,0.0,0.0,0.0,0.0,80.0,286.0,90.0,0.0,0.0,234.0,0.0,0.0,0.0,0.0,40.0,286.0,60.0,0.0,0.0,0.0,0.0,0.0,494.0,150.0,0.0,0.0,0.0,0.0,0.0,0.0,0.0,0.0,0.0,0.0,0.0,0.0,0.0,0.0,0.0,0.0,0.0,0.0,0.0,8.0,95.0,24.0,0.0,260.0,30.0,0.0,0.0
42,Sat 13th May 2017,0.0,0.0,0.0,0.0,0.0,0.0,0.0,0.0,0.0,0.0,0.0,0.0,0.0,-117.0,0.0,0.0,0.0,90.0,0.0,26.0,0.0,40.0,156.0,90.0,0.0,0.0,0.0,0.0,0.0,0.0,-156.0,-15.0,0.0,0.0,0.0,0.0,0.0,0.0,26.0,0.0,0.0,0.0,0.0,0.0,0.0,78.0,0.0,0.0,0.0,90.0,0.0,0.0,0.0,0.0,0.0,0.0,0.0,0.0,40.0,286.0,180.0,0.0,0.0,156.0,0.0,0.0,0.0,0.0,0.0,78.0,0.0,0.0,0.0,0.0,0.0,0.0,442.0,180.0,0.0,0.0,0.0,0.0,0.0,0.0,0.0,0.0,0.0,0.0,0.0,0.0,0.0,0.0,0.0,0.0,0.0,26.0,0.0,0.0,80.0,54.0,0.0,0.0,30.0,0.0,0.0
43,Sun 14th May 2017,0.0,0.0,0.0,0.0,0.0,0.0,0.0,0.0,0.0,0.0,0.0,0.0,0.0,0.0,0.0,0.0,0.0,0.0,0.0,0.0,0.0,0.0,0.0,0.0,0.0,0.0,0.0,0.0,0.0,0.0,0.0,0.0,0.0,0.0,0.0,0.0,0.0,0.0,0.0,0.0,0.0,0.0,0.0,0.0,0.0,0.0,0.0,0.0,0.0,0.0,0.0,0.0,0.0,0.0,0.0,0.0,0.0,0.0,0.0,0.0,0.0,0.0,0.0,0.0,0.0,0.0,0.0,0.0,0.0,0.0,0.0,0.0,0.0,0.0,0.0,0.0,0.0,0.0,0.0,0.0,0.0,0.0,0.0,0.0,0.0,0.0,0.0,0.0,0.0,0.0,0.0,0.0,0.0,0.0,0.0,0.0,0.0,0.0,0.0,0.0,0.0,0.0,0.0,0.0,0.0
44,Mon 15th May 2017,0.0,4.0,0.0,0.0,0.0,0.0,0.0,0.0,0.0,0.0,0.0,0.0,0.0,0.0,0.0,30.0,0.0,30.0,0.0,0.0,10.0,0.0,52.0,120.0,0.0,0.0,0.0,0.0,0.0,-20.0,-78.0,-60.0,0.0,0.0,0.0,0.0,0.0,0.0,26.0,0.0,0.0,0.0,52.0,0.0,0.0,52.0,0.0,0.0,0.0,30.0,0.0,0.0,0.0,0.0,0.0,0.0,0.0,0.0,0.0,156.0,60.0,0.0,0.0,78.0,0.0,0.0,0.0,0.0,0.0,52.0,90.0,0.0,0.0,0.0,0.0,0.0,208.0,210.0,0.0,0.0,0.0,0.0,0.0,0.0,26.0,60.0,0.0,0.0,0.0,-18.0,0.0,0.0,0.0,0.0,0.0,0.0,0.0,0.0,40.0,24.0,0.0,0.0,0.0,0.0,0.0
45,Tue 16th May 2017,0.0,0.0,0.0,0.0,0.0,0.0,0.0,0.0,0.0,0.0,40.0,0.0,28.33333,0.0,0.0,0.0,0.0,0.0,0.0,78.0,0.0,0.0,104.0,0.0,40.0,26.0,0.0,0.0,0.0,0.0,-91.0,0.0,-240.0,0.0,0.0,0.0,0.0,0.0,0.0,90.0,0.0,0.0,26.0,58.33333,40.0,0.0,28.33333,0.0,0.0,60.0,0.0,0.0,0.0,0.0,0.0,0.0,0.0,28.33333,40.0,52.0,0.0,0.0,0.0,130.0,30.0,0.0,0.0,0.0,0.0,130.0,30.0,40.0,0.0,28.33333,0.0,0.0,286.0,28.33333,0.0,0.0,0.0,0.0,0.0,0.0,0.0,0.0,0.0,0.0,-26.0,0.0,0.0,0.0,0.0,0.0,40.0,0.0,0.0,0.0,55.0,12.0,0.0,26.0,0.0,0.0,0.0
46,Wed 17th May 2017,0.0,0.0,3.0,0.0,0.0,0.0,0.0,0.0,0.0,0.0,40.0,0.0,0.0,0.0,0.0,0.0,26.0,0.0,0.0,0.0,0.0,40.0,156.0,60.0,0.0,0.0,0.0,0.0,0.0,0.0,-91.0,0.0,-480.0,0.0,0.0,0.0,0.0,0.0,26.0,0.0,0.0,120.0,104.0,30.0,40.0,0.0,0.0,0.0,0.0,30.0,0.0,0.0,0.0,0.0,0.0,40.0,130.0,0.0,0.0,104.0,0.0,0.0,0.0,26.0,30.0,0.0,0.0,0.0,40.0,182.0,0.0,0.0,0.0,0.0,0.0,0.0,234.0,150.0,0.0,0.0,0.0,0.0,0.0,40.0,0.0,0.0,0.0,0.0,0.0,0.0,0.0,0.0,0.0,0.0,80.0,26.0,0.0,0.0,55.0,36.0,40.0,0.0,0.0,0.0,0.0
47,Thu 18th May 2017,0.0,0.0,0.0,0.0,0.0,0.0,0.0,0.0,0.0,0.0,0.0,52.0,0.0,0.0,0.0,0.0,78.0,0.0,0.0,104.0,10.0,0.0,104.0,30.0,0.0,0.0,0.0,0.0,0.0,0.0,-78.0,-15.0,0.0,0.0,0.0,0.0,-3.0,0.0,104.0,30.0,0.0,0.0,0.0,0.0,0.0,52.0,0.0,0.0,0.0,120.0,0.0,0.0,0.0,0.0,0.0,0.0,104.0,120.0,0.0,104.0,30.0,20.0,0.0,78.0,30.0,0.0,0.0,0.0,0.0,182.0,30.0,0.0,0.0,0.0,0.0,0.0,104.0,0.0,0.0,0.0,0.0,0.0,0.0,0.0,52.0,0.0,0.0,0.0,0.0,0.0,0.0,0.0,0.0,0.0,0.0,0.0,0.0,0.0,35.0,36.0,0.0,26.0,0.0,0.0,0.0
48,Fri 19th May 2017,0.0,0.0,3.0,0.0,0.0,0.0,0.0,0.0,0.0,0.0,0.0,0.0,0.0,0.0,0.0,30.0,26.0,0.0,0.0,104.0,10.0,0.0,0.0,30.0,0.0,26.0,0.0,0.0,0.0,0.0,-65.0,-60.0,0.0,0.0,0.0,0.0,0.0,0.0,52.0,90.0,0.0,0.0,78.0,0.0,0.0,0.0,0.0,0.0,0.0,60.0,0.0,0.0,0.0,0.0,0.0,0.0,130.0,150.0,0.0,78.0,150.0,0.0,0.0,26.0,30.0,0.0,0.0,0.0,0.0,52.0,30.0,0.0,0.0,0.0,0.0,0.0,130.0,150.0,0.0,0.0,0.0,0.0,0.0,0.0,0.0,90.0,0.0,0.0,0.0,0.0,0.0,0.0,0.0,0.0,0.0,26.0,0.0,0.0,35.0,30.0,0.0,0.0,0.0,0.0,0.0
49,Sat 20th May 2017,0.0,8.0,0.0,0.0,0.0,0.0,0.0,0.0,0.0,0.0,0.0,0.0,30.0,0.0,0.0,0.0,26.0,0.0,0.0,0.0,0.0,0.0,78.0,60.0,0.0,26.0,0.0,0.0,0.0,-20.0,-26.0,-30.0,0.0,0.0,0.0,0.0,0.0,0.0,26.0,30.0,0.0,0.0,26.0,0.0,0.0,26.0,30.0,0.0,0.0,120.0,0.0,0.0,0.0,0.0,0.0,40.0,130.0,90.0,80.0,104.0,30.0,0.0,0.0,0.0,0.0,0.0,0.0,0.0,0.0,104.0,120.0,0.0,0.0,0.0,0.0,0.0,104.0,90.0,0.0,0.0,0.0,0.0,0.0,0.0,26.0,0.0,0.0,0.0,0.0,0.0,0.0,0.0,0.0,0.0,0.0,26.0,0.0,8.0,25.0,6.0,0.0,0.0,0.0,0.0,0.0
50,Sun 21st May 2017,0.0,0.0,0.0,0.0,0.0,0.0,0.0,0.0,0.0,0.0,0.0,0.0,0.0,0.0,0.0,0.0,0.0,0.0,0.0,0.0,0.0,0.0,0.0,0.0,0.0,0.0,0.0,0.0,0.0,0.0,0.0,0.0,0.0,0.0,0.0,0.0,0.0,0.0,0.0,0.0,0.0,0.0,0.0,0.0,0.0,0.0,0.0,0.0,0.0,0.0,0.0,0.0,0.0,0.0,0.0,0.0,0.0,0.0,0.0,0.0,0.0,0.0,0.0,0.0,0.0,0.0,0.0,0.0,0.0,0.0,0.0,0.0,0.0,0.0,0.0,0.0,0.0,0.0,0.0,0.0,0.0,0.0,0.0,0.0,0.0,0.0,0.0,0.0,0.0,0.0,0.0,0.0,0.0,0.0,0.0,0.0,0.0,0.0,0.0,0.0,0.0,0.0,0.0,0.0,0.0
51,Mon 22nd May 2017,0.0,0.0,3.0,0.0,0.0,0.0,0.0,0.0,0.0,0.0,0.0,0.0,30.0,0.0,0.0,90.0,26.0,60.0,0.0,26.0,10.0,0.0,52.0,60.0,0.0,0.0,0.0,0.0,0.0,0.0,-13.0,-15.0,0.0,0.0,0.0,0.0,0.0,0.0,26.0,30.0,0.0,0.0,0.0,0.0,0.0,0.0,0.0,0.0,102.0,0.0,0.0,0.0,0.0,0.0,0.0,0.0,78.0,0.0,0.0,52.0,0.0,0.0,0.0,0.0,0.0,0.0,0.0,0.0,0.0,26.0,0.0,0.0,0.0,0.0,0.0,0.0,104.0,0.0,0.0,0.0,0.0,0.0,0.0,0.0,0.0,115.0,0.0,0.0,0.0,0.0,0.0,0.0,0.0,0.0,0.0,0.0,85.0,0.0,25.0,12.0,0.0,0.0,0.0,0.0,0.0
52,Tue 23rd May 2017,0.0,0.0,0.0,0.0,0.0,0.0,0.0,0.0,0.0,0.0,0.0,0.0,0.0,0.0,0.0,30.0,52.0,30.0,0.0,26.0,0.0,0.0,26.0,0.0,0.0,26.0,0.0,0.0,0.0,0.0,-26.0,-30.0,0.0,0.0,0.0,0.0,0.0,0.0,26.0,0.0,0.0,0.0,26.0,0.0,0.0,26.0,0.0,0.0,136.0,60.0,0.0,0.0,0.0,0.0,0.0,0.0,78.0,60.0,0.0,52.0,30.0,8.0,0.0,26.0,90.0,0.0,0.0,0.0,0.0,26.0,0.0,0.0,0.0,0.0,0.0,0.0,234.0,120.0,0.0,0.0,0.0,0.0,0.0,0.0,0.0,0.0,0.0,0.0,0.0,0.0,0.0,0.0,0.0,0.0,0.0,0.0,30.0,0.0,25.0,30.0,0.0,0.0,0.0,0.0,0.0
53,Wed 24th May 2017,0.0,0.0,0.0,0.0,0.0,0.0,0.0,26.0,0.0,0.0,0.0,0.0,0.0,0.0,0.0,60.0,52.0,0.0,0.0,0.0,20.0,0.0,104.0,60.0,0.0,26.0,0.0,0.0,0.0,0.0,-39.0,-60.0,0.0,0.0,0.0,0.0,0.0,0.0,26.0,0.0,0.0,0.0,0.0,0.0,0.0,0.0,0.0,0.0,340.0,0.0,0.0,0.0,0.0,0.0,0.0,0.0,52.0,120.0,0.0,52.0,90.0,0.0,0.0,26.0,60.0,0.0,0.0,0.0,0.0,0.0,0.0,0.0,26.0,0.0,0.0,0.0,130.0,60.0,0.0,0.0,0.0,-14.0,0.0,0.0,26.0,0.0,0.0,0.0,0.0,-18.0,0.0,0.0,0.0,0.0,0.0,0.0,0.0,0.0,35.0,6.0,0.0,26.0,0.0,0.0,0.0
54,Thu 25th May 2017,0.0,0.0,3.0,0.0,0.0,0.0,0.0,52.0,30.0,0.0,0.0,104.0,0.0,0.0,0.0,0.0,130.0,30.0,0.0,0.0,0.0,0.0,104.0,60.0,0.0,0.0,0.0,0.0,0.0,0.0,-52.0,-30.0,0.0,0.0,0.0,0.0,0.0,0.0,26.0,0.0,0.0,0.0,50.33333,0.0,0.0,26.0,0.0,0.0,102.0,0.0,0.0,0.0,0.0,0.0,0.0,0.0,206.33333,60.0,0.0,74.66666,30.0,0.0,0.0,26.0,30.0,0.0,0.0,0.0,0.0,0.0,0.0,0.0,0.0,0.0,0.0,0.0,152.66666,90.0,0.0,0.0,0.0,-6.0,0.0,0.0,0.0,0.0,0.0,0.0,0.0,0.0,0.0,0.0,0.0,0.0,0.0,0.0,0.0,0.0,60.0,24.0,0.0,26.0,0.0,0.0,0.0
55,Fri 26th May 2017,0.0,0.0,0.0,0.0,0.0,0.0,0.0,26.0,0.0,0.0,0.0,0.0,0.0,0.0,0.0,60.0,0.0,30.0,0.0,0.0,10.0,0.0,78.0,60.0,0.0,0.0,0.0,0.0,0.0,0.0,-26.0,-45.0,0.0,0.0,0.0,0.0,0.0,0.0,0.0,30.0,0.0,0.0,52.0,0.0,0.0,26.0,30.0,0.0,0.0,0.0,0.0,0.0,0.0,0.0,0.0,0.0,0.0,60.0,0.0,208.0,120.0,0.0,0.0,0.0,0.0,0.0,0.0,0.0,0.0,0.0,0.0,0.0,0.0,0.0,0.0,0.0,78.0,120.0,0.0,0.0,0.0,-6.0,0.0,0.0,0.0,0.0,0.0,0.0,0.0,0.0,0.0,0.0,0.0,0.0,0.0,52.0,30.0,0.0,30.0,24.0,0.0,0.0,0.0,0.0,0.0
56,Sat 27th May 2017,0.0,0.0,0.0,0.0,0.0,0.0,0.0,26.0,150.0,0.0,0.0,26.0,0.0,0.0,0.0,90.0,52.0,0.0,0.0,0.0,0.0,0.0,52.0,90.0,0.0,0.0,0.0,0.0,0.0,0.0,-26.0,-105.0,0.0,0.0,0.0,0.0,0.0,0.0,0.0,30.0,0.0,0.0,26.0,0.0,0.0,0.0,0.0,0.0,34.0,0.0,0.0,0.0,0.0,0.0,0.0,0.0,52.0,90.0,0.0,156.0,150.0,0.0,0.0,26.0,0.0,0.0,0.0,0.0,0.0,0.0,30.0,0.0,0.0,0.0,0.0,0.0,52.0,150.0,0.0,0.0,0.0,-6.0,0.0,0.0,0.0,0.0,0.0,0.0,-26.0,0.0,0.0,0.0,0.0,0.0,0.0,26.0,30.0,0.0,25.0,42.0,0.0,0.0,0.0,0.0,0.0
57,Sun 28th May 2017,0.0,0.0,0.0,0.0,0.0,0.0,0.0,0.0,0.0,0.0,0.0,0.0,0.0,0.0,0.0,0.0,0.0,0.0,0.0,0.0,0.0,0.0,0.0,0.0,0.0,0.0,0.0,0.0,0.0,0.0,0.0,0.0,0.0,0.0,0.0,0.0,0.0,0.0,0.0,0.0,0.0,0.0,0.0,0.0,0.0,0.0,0.0,0.0,0.0,0.0,0.0,0.0,0.0,0.0,0.0,0.0,0.0,0.0,0.0,0.0,0.0,0.0,0.0,0.0,0.0,0.0,0.0,0.0,0.0,0.0,0.0,0.0,0.0,0.0,0.0,0.0,0.0,0.0,0.0,0.0,0.0,0.0,0.0,0.0,0.0,0.0,0.0,0.0,0.0,0.0,0.0,0.0,0.0,0.0,0.0,0.0,0.0,0.0,0.0,0.0,0.0,0.0,0.0,0.0,0.0
58,Mon 29th May 2017,0.0,0.0,0.0,0.0,0.0,0.0,0.0,78.0,0.0,0.0,0.0,26.0,0.0,0.0,0.0,60.0,26.0,0.0,0.0,24.33333,0.0,0.0,26.0,60.0,0.0,26.0,0.0,0.0,0.0,0.0,-13.0,-60.0,0.0,0.0,0.0,0.0,0.0,0.0,52.0,60.0,0.0,0.0,26.0,60.0,0.0,24.33333,0.0,0.0,0.0,0.0,0.0,0.0,0.0,0.0,0.0,0.0,52.0,90.0,0.0,24.33333,90.0,0.0,0.0,0.0,0.0,0.0,0.0,0.0,0.0,0.0,90.0,0.0,0.0,0.0,0.0,0.0,50.33333,180.0,0.0,0.0,0.0,-22.0,0.0,0.0,76.33333,30.0,0.0,0.0,0.0,0.0,0.0,0.0,0.0,0.0,0.0,24.33333,0.0,0.0,10.0,72.0,0.0,0.0,0.0,0.0,0.0
59,Tue 30th May 2017,0.0,0.0,0.0,0.0,0.0,0.0,0.0,26.0,30.0,0.0,0.0,0.0,0.0,0.0,0.0,90.0,104.0,0.0,0.0,0.0,0.0,0.0,78.0,30.0,0.0,0.0,0.0,0.0,0.0,0.0,-39.0,-30.0,0.0,0.0,0.0,0.0,0.0,0.0,0.0,0.0,0.0,0.0,26.0,0.0,0.0,0.0,0.0,0.0,0.0,0.0,0.0,0.0,0.0,0.0,0.0,0.0,104.0,180.0,0.0,0.0,60.0,0.0,0.0,0.0,0.0,0.0,0.0,0.0,0.0,26.0,30.0,0.0,26.0,0.0,0.0,0.0,26.0,210.0,0.0,0.0,0.0,0.0,0.0,0.0,26.0,0.0,0.0,0.0,0.0,0.0,0.0,0.0,0.0,0.0,0.0,26.0,0.0,0.0,20.0,66.0,0.0,0.0,30.0,0.0,0.0
60,Wed 31st May 2017,0.0,0.0,0.0,0.0,0.0,0.0,0.0,52.0,90.0,0.0,0.0,0.0,0.0,0.0,0.0,30.0,130.0,30.0,0.0,0.0,0.0,0.0,0.0,60.0,0.0,0.0,0.0,0.0,0.0,0.0,-52.0,-45.0,0.0,0.0,0.0,0.0,0.0,0.0,0.0,30.0,0.0,0.0,0.0,30.0,0.0,0.0,0.0,0.0,0.0,0.0,0.0,0.0,0.0,0.0,0.0,0.0,52.0,30.0,0.0,0.0,0.0,0.0,0.0,0.0,0.0,0.0,0.0,0.0,0.0,0.0,0.0,0.0,104.0,0.0,0.0,0.0,130.0,150.0,0.0,0.0,0.0,-10.0,0.0,0.0,0.0,30.0,0.0,0.0,0.0,-18.0,0.0,0.0,0.0,0.0,0.0,0.0,0.0,0.0,45.0,36.0,0.0,26.0,0.0,0.0,0.0
61,Thu 1st Jun 2017,0.0,0.0,0.0,0.0,0.0,0.0,0.0,52.0,0.0,0.0,0.0,48.66666,0.0,0.0,0.0,180.0,130.0,0.0,0.0,0.0,0.0,0.0,26.0,90.0,0.0,0.0,0.0,0.0,0.0,0.0,-78.0,-45.0,0.0,0.0,0.0,0.0,0.0,0.0,0.0,0.0,0.0,0.0,78.0,60.0,0.0,26.0,0.0,0.0,0.0,30.0,0.0,0.0,0.0,0.0,0.0,0.0,126.66666,240.0,0.0,0.0,30.0,0.0,0.0,0.0,0.0,0.0,0.0,0.0,0.0,0.0,0.0,0.0,52.0,120.0,0.0,0.0,178.66666,210.0,0.0,0.0,0.0,-30.0,0.0,0.0,0.0,0.0,0.0,0.0,0.0,0.0,0.0,0.0,0.0,0.0,0.0,0.0,0.0,0.0,30.0,54.0,0.0,0.0,0.0,0.0,0.0
62,Fri 2nd Jun 2017,0.0,4.0,3.0,0.0,8.0,0.0,0.0,0.0,120.0,0.0,0.0,0.0,0.0,0.0,0.0,120.0,26.0,0.0,0.0,52.0,0.0,0.0,78.0,120.0,0.0,26.0,30.0,0.0,0.0,0.0,-39.0,-45.0,0.0,0.0,0.0,0.0,0.0,0.0,0.0,0.0,0.0,0.0,26.0,30.0,0.0,0.0,0.0,0.0,0.0,30.0,0.0,0.0,0.0,0.0,0.0,0.0,156.0,60.0,0.0,0.0,30.0,0.0,0.0,26.0,30.0,0.0,0.0,0.0,0.0,0.0,30.0,0.0,78.0,30.0,0.0,0.0,78.0,90.0,0.0,0.0,0.0,-4.0,0.0,0.0,0.0,0.0,0.0,0.0,-26.0,0.0,0.0,0.0,0.0,0.0,0.0,0.0,0.0,0.0,15.0,36.0,0.0,26.0,30.0,0.0,0.0
63,Sat 3rd Jun 2017,0.0,4.0,0.0,0.0,0.0,0.0,0.0,26.0,0.0,0.0,0.0,26.0,0.0,0.0,0.0,0.0,78.0,0.0,0.0,0.0,0.0,0.0,52.0,90.0,0.0,26.0,0.0,0.0,0.0,0.0,-26.0,-30.0,0.0,0.0,0.0,0.0,0.0,0.0,0.0,0.0,0.0,0.0,52.0,120.0,0.0,0.0,0.0,0.0,0.0,0.0,0.0,0.0,0.0,0.0,0.0,0.0,0.0,120.0,0.0,26.0,0.0,0.0,0.0,26.0,0.0,0.0,0.0,0.0,0.0,0.0,30.0,0.0,78.0,90.0,0.0,0.0,78.0,120.0,0.0,0.0,0.0,-4.0,0.0,0.0,0.0,0.0,0.0,0.0,0.0,0.0,0.0,0.0,0.0,0.0,0.0,0.0,30.0,0.0,25.0,54.0,0.0,26.0,60.0,0.0,0.0
64,Sun 4th Jun 2017,0.0,0.0,0.0,0.0,0.0,0.0,0.0,0.0,0.0,0.0,0.0,0.0,0.0,0.0,0.0,0.0,0.0,0.0,0.0,0.0,0.0,0.0,0.0,0.0,0.0,0.0,0.0,0.0,0.0,0.0,0.0,0.0,0.0,0.0,0.0,0.0,0.0,0.0,0.0,0.0,0.0,0.0,0.0,0.0,0.0,0.0,0.0,0.0,0.0,0.0,0.0,0.0,0.0,0.0,0.0,0.0,0.0,0.0,0.0,0.0,0.0,0.0,0.0,0.0,0.0,0.0,0.0,0.0,0.0,0.0,0.0,0.0,0.0,0.0,0.0,0.0,0.0,0.0,0.0,0.0,0.0,0.0,0.0,0.0,0.0,0.0,0.0,0.0,0.0,0.0,0.0,0.0,0.0,0.0,0.0,0.0,0.0,0.0,0.0,0.0,0.0,0.0,0.0,0.0,0.0
65,Mon 5th Jun 2017,0.0,0.0,0.0,0.0,0.0,0.0,0.0,52.0,60.0,0.0,0.0,0.0,28.33333,0.0,0.0,30.0,26.0,0.0,0.0,0.0,0.0,0.0,78.0,88.33333,0.0,0.0,0.0,0.0,0.0,0.0,-26.0,-30.0,0.0,0.0,0.0,0.0,0.0,0.0,0.0,0.0,0.0,0.0,26.0,30.0,0.0,0.0,0.0,0.0,0.0,0.0,0.0,0.0,0.0,0.0,0.0,0.0,130.0,118.33333,0.0,26.0,30.0,0.0,0.0,0.0,28.33333,52.0,150.0,0.0,0.0,78.0,0.0,0.0,52.0,28.33333,0.0,0.0,104.0,58.33333,0.0,0.0,0.0,-12.0,0.0,0.0,0.0,0.0,0.0,0.0,0.0,-18.0,0.0,0.0,0.0,0.0,0.0,0.0,0.0,0.0,45.0,24.0,0.0,0.0,0.0,0.0,0.0
66,Tue 6th Jun 2017,5.0,0.0,3.0,0.0,0.0,0.0,0.0,130.0,30.0,0.0,0.0,0.0,30.0,0.0,0.0,30.0,0.0,0.0,40.0,26.0,0.0,40.0,78.0,120.0,0.0,0.0,30.0,0.0,0.0,0.0,-52.0,-75.0,0.0,0.0,0.0,0.0,0.0,0.0,0.0,0.0,0.0,0.0,104.0,60.0,0.0,0.0,0.0,0.0,0.0,0.0,0.0,0.0,0.0,0.0,0.0,0.0,78.0,120.0,0.0,0.0,0.0,0.0,40.0,0.0,30.0,130.0,120.0,0.0,0.0,26.0,120.0,0.0,0.0,0.0,0.0,0.0,104.0,210.0,0.0,0.0,0.0,-20.0,0.0,0.0,0.0,120.0,0.0,0.0,0.0,0.0,0.0,0.0,0.0,7.0,0.0,0.0,0.0,8.0,55.0,36.0,0.0,0.0,0.0,0.0,0.0
67,Wed 7th Jun 2017,0.0,4.0,0.0,0.0,8.0,0.0,0.0,52.0,0.0,0.0,0.0,26.0,0.0,0.0,0.0,0.0,0.0,0.0,0.0,0.0,0.0,0.0,104.0,60.0,0.0,0.0,0.0,0.0,0.0,0.0,-91.0,-45.0,0.0,0.0,0.0,0.0,0.0,0.0,0.0,0.0,0.0,0.0,78.0,60.0,0.0,26.0,0.0,0.0,0.0,0.0,0.0,0.0,0.0,0.0,0.0,0.0,26.0,0.0,0.0,52.0,0.0,0.0,0.0,0.0,0.0,156.0,90.0,0.0,0.0,130.0,30.0,0.0,104.0,60.0,0.0,0.0,338.0,270.0,0.0,0.0,0.0,-6.0,0.0,0.0,104.0,60.0,0.0,0.0,-26.0,0.0,0.0,0.0,0.0,0.0,0.0,26.0,0.0,0.0,60.0,66.0,0.0,0.0,0.0,0.0,0.0
68,Thu 8th Jun 2017,0.0,5.0,0.0,0.0,0.0,0.0,0.0,26.0,60.0,0.0,0.0,0.0,0.0,0.0,0.0,60.0,104.0,0.0,0.0,0.0,0.0,0.0,156.0,86.0,0.0,0.0,86.0,0.0,0.0,0.0,-52.0,-105.0,0.0,0.0,0.0,0.0,0.0,0.0,0.0,0.0,0.0,0.0,52.0,180.0,0.0,0.0,30.0,0.0,0.0,0.0,0.0,0.0,0.0,0.0,0.0,0.0,0.0,86.0,0.0,52.0,0.0,0.0,0.0,26.0,0.0,78.0,90.0,0.0,0.0,182.0,210.0,0.0,0.0,176.0,0.0,0.0,26.0,300.0,0.0,0.0,0.0,-22.0,0.0,0.0,364.0,176.0,0.0,0.0,0.0,0.0,0.0,0.0,0.0,7.0,0.0,52.0,30.0,0.0,40.0,84.0,0.0,0.0,0.0,0.0,0.0
69,Fri 9th Jun 2017,0.0,0.0,0.0,0.0,0.0,0.0,0.0,26.0,120.0,0.0,0.0,0.0,0.0,0.0,0.0,30.0,0.0,30.0,0.0,0.0,0.0,0.0,26.0,30.0,0.0,0.0,0.0,0.0,0.0,0.0,-91.0,-105.0,0.0,0.0,0.0,0.0,0.0,0.0,0.0,0.0,0.0,0.0,208.0,60.0,0.0,0.0,0.0,0.0,0.0,0.0,0.0,0.0,0.0,0.0,0.0,0.0,26.0,0.0,0.0,78.0,170.0,0.0,0.0,0.0,0.0,52.0,30.0,0.0,0.0,156.0,150.0,0.0,26.0,120.0,0.0,0.0,364.0,300.0,0.0,0.0,0.0,-20.0,0.0,0.0,104.0,240.0,0.0,0.0,0.0,-18.0,0.0,0.0,0.0,0.0,0.0,26.0,0.0,0.0,65.0,48.0,0.0,0.0,0.0,0.0,0.0
70,Sat 10th Jun 2017,0.0,4.0,0.0,0.0,0.0,0.0,0.0,0.0,30.0,0.0,0.0,0.0,0.0,0.0,0.0,30.0,0.0,0.0,0.0,0.0,0.0,0.0,0.0,90.0,0.0,104.0,60.0,0.0,0.0,0.0,-52.0,-120.0,0.0,0.0,0.0,0.0,0.0,0.0,0.0,0.0,0.0,0.0,104.0,150.0,0.0,26.0,30.0,0.0,0.0,0.0,0.0,0.0,0.0,0.0,0.0,0.0,0.0,30.0,0.0,52.0,60.0,0.0,0.0,0.0,60.0,130.0,390.0,0.0,0.0,156.0,210.0,0.0,0.0,120.0,0.0,0.0,26.0,300.0,0.0,0.0,0.0,-4.0,0.0,0.0,26.0,210.0,0.0,0.0,-26.0,0.0,0.0,0.0,0.0,0.0,0.0,0.0,30.0,0.0,40.0,132.0,0.0,0.0,0.0,0.0,0.0
71,Sun 11th Jun 2017,0.0,0.0,0.0,0.0,0.0,0.0,0.0,0.0,0.0,0.0,0.0,0.0,0.0,0.0,0.0,0.0,0.0,0.0,0.0,0.0,0.0,0.0,0.0,0.0,0.0,0.0,0.0,0.0,0.0,0.0,0.0,0.0,0.0,0.0,0.0,0.0,0.0,0.0,0.0,0.0,0.0,0.0,0.0,0.0,0.0,0.0,0.0,0.0,0.0,0.0,0.0,0.0,0.0,0.0,0.0,0.0,0.0,0.0,0.0,0.0,0.0,0.0,0.0,0.0,0.0,0.0,0.0,0.0,0.0,0.0,0.0,0.0,0.0,0.0,0.0,0.0,0.0,0.0,0.0,0.0,0.0,0.0,0.0,0.0,0.0,0.0,0.0,0.0,0.0,0.0,0.0,0.0,0.0,0.0,0.0,0.0,0.0,0.0,0.0,0.0,0.0,0.0,0.0,0.0,0.0
72,Mon 12th Jun 2017,0.0,0.0,0.0,0.0,0.0,0.0,0.0,0.0,0.0,0.0,0.0,0.0,0.0,0.0,0.0,0.0,0.0,0.0,0.0,26.0,0.0,0.0,0.0,150.0,0.0,104.0,150.0,0.0,0.0,0.0,-26.0,-30.0,0.0,0.0,0.0,0.0,0.0,0.0,0.0,0.0,0.0,0.0,26.0,0.0,0.0,0.0,0.0,0.0,0.0,0.0,0.0,0.0,0.0,0.0,0.0,0.0,0.0,0.0,0.0,0.0,30.0,0.0,0.0,78.0,30.0,0.0,0.0,0.0,0.0,0.0,30.0,0.0,78.0,0.0,0.0,0.0,26.0,270.0,0.0,0.0,0.0,-16.0,0.0,0.0,26.0,150.0,0.0,0.0,0.0,0.0,0.0,0.0,0.0,0.0,0.0,52.0,30.0,0.0,35.0,48.0,0.0,0.0,0.0,0.0,0.0
73,Tue 13th Jun 2017,0.0,0.0,0.0,0.0,0.0,0.0,0.0,0.0,0.0,0.0,0.0,26.0,0.0,0.0,0.0,60.0,104.0,30.0,0.0,0.0,0.0,0.0,0.0,30.0,0.0,52.0,30.0,0.0,0.0,0.0,-91.0,-15.0,0.0,0.0,0.0,0.0,0.0,0.0,0.0,0.0,0.0,0.0,0.0,30.0,0.0,52.0,180.0,0.0,0.0,0.0,0.0,0.0,0.0,0.0,0.0,0.0,104.0,210.0,0.0,0.0,90.0,0.0,0.0,0.0,0.0,0.0,0.0,0.0,0.0,78.0,30.0,0.0,52.0,60.0,0.0,0.0,104.0,150.0,0.0,0.0,0.0,-6.0,0.0,0.0,0.0,60.0,0.0,0.0,0.0,0.0,0.0,0.0,0.0,0.0,0.0,0.0,0.0,0.0,25.0,90.0,0.0,0.0,0.0,0.0,0.0
74,Wed 14th Jun 2017,0.0,4.0,0.0,0.0,0.0,0.0,0.0,0.0,0.0,0.0,0.0,0.0,0.0,0.0,0.0,0.0,26.0,0.0,0.0,0.0,0.0,0.0,52.0,0.0,0.0,52.0,120.0,0.0,0.0,0.0,-65.0,-30.0,0.0,0.0,0.0,0.0,0.0,0.0,0.0,0.0,0.0,0.0,26.0,30.0,0.0,104.0,120.0,0.0,0.0,0.0,0.0,0.0,0.0,0.0,0.0,0.0,260.0,210.0,0.0,52.0,0.0,0.0,0.0,0.0,0.0,0.0,0.0,0.0,0.0,104.0,120.0,0.0,0.0,0.0,0.0,0.0,234.0,0.0,0.0,0.0,0.0,-2.0,0.0,0.0,26.0,60.0,0.0,0.0,0.0,0.0,0.0,0.0,0.0,0.0,0.0,0.0,0.0,0.0,70.0,54.0,0.0,0.0,0.0,0.0,0.0
75,Thu 15th Jun 2017,0.0,0.0,6.0,0.0,0.0,0.0,0.0,0.0,0.0,0.0,0.0,0.0,0.0,0.0,0.0,30.0,26.0,0.0,0.0,0.0,0.0,0.0,26.0,0.0,0.0,52.0,60.0,0.0,0.0,0.0,-78.0,-30.0,0.0,0.0,0.0,0.0,0.0,0.0,0.0,0.0,0.0,0.0,52.0,0.0,0.0,104.0,120.0,0.0,0.0,0.0,0.0,0.0,0.0,0.0,0.0,0.0,232.33334,150.0,0.0,0.0,60.0,1.0,0.0,0.0,0.0,0.0,0.0,0.0,0.0,130.0,60.0,0.0,50.33334,0.0,0.0,0.0,130.0,120.0,0.0,0.0,0.0,0.0,0.0,0.0,78.0,30.0,0.0,0.0,0.0,0.0,0.0,0.0,0.0,0.0,0.0,0.0,30.0,0.0,25.0,42.0,0.0,50.33334,60.0,0.0,0.0
76,Fri 16th Jun 2017,0.0,0.0,0.0,0.0,0.0,0.0,0.0,0.0,0.0,0.0,0.0,0.0,30.0,0.0,0.0,150.0,234.0,0.0,0.0,0.0,0.0,40.0,52.0,30.0,0.0,234.0,90.0,0.0,0.0,-60.0,-130.0,-90.0,0.0,0.0,0.0,0.0,0.0,0.0,0.0,0.0,0.0,0.0,52.0,60.0,0.0,52.0,60.0,0.0,0.0,0.0,0.0,0.0,0.0,0.0,0.0,40.0,130.0,60.0,0.0,26.0,30.0,0.0,0.0,26.0,0.0,0.0,0.0,0.0,80.0,260.0,60.0,0.0,0.0,30.0,0.0,120.0,208.0,120.0,0.0,0.0,0.0,0.0,0.0,0.0,0.0,60.0,0.0,0.0,0.0,0.0,0.0,0.0,0.0,0.0,0.0,26.0,0.0,0.0,65.0,24.0,0.0,52.0,30.0,0.0,0.0
77,Sat 17th Jun 2017,0.0,0.0,0.0,0.0,0.0,0.0,0.0,0.0,0.0,0.0,0.0,0.0,0.0,0.0,40.0,90.0,130.0,0.0,0.0,0.0,0.0,0.0,52.0,60.0,0.0,78.0,60.0,0.0,0.0,0.0,-78.0,-120.0,0.0,0.0,0.0,0.0,0.0,0.0,0.0,0.0,0.0,0.0,0.0,0.0,0.0,52.0,90.0,0.0,0.0,0.0,0.0,0.0,0.0,0.0,0.0,0.0,104.0,120.0,0.0,0.0,0.0,0.0,0.0,0.0,0.0,0.0,0.0,0.0,0.0,78.0,210.0,0.0,0.0,0.0,0.0,0.0,78.0,120.0,0.0,0.0,0.0,0.0,0.0,0.0,0.0,0.0,0.0,0.0,0.0,0.0,0.0,0.0,0.0,0.0,0.0,0.0,0.0,0.0,50.0,54.0,0.0,26.0,0.0,0.0,0.0
78,Sun 18th Jun 2017,0.0,0.0,0.0,0.0,0.0,0.0,0.0,0.0,0.0,0.0,0.0,0.0,0.0,0.0,0.0,0.0,0.0,0.0,0.0,0.0,0.0,0.0,0.0,0.0,0.0,0.0,0.0,0.0,0.0,0.0,0.0,0.0,0.0,0.0,0.0,0.0,0.0,0.0,0.0,0.0,0.0,0.0,0.0,0.0,0.0,0.0,0.0,0.0,0.0,0.0,0.0,0.0,0.0,0.0,0.0,0.0,0.0,0.0,0.0,0.0,0.0,0.0,0.0,0.0,0.0,0.0,0.0,0.0,0.0,0.0,0.0,0.0,0.0,0.0,0.0,0.0,0.0,0.0,0.0,0.0,0.0,0.0,0.0,0.0,0.0,0.0,0.0,0.0,0.0,0.0,0.0,0.0,0.0,0.0,0.0,0.0,0.0,0.0,0.0,0.0,0.0,0.0,0.0,0.0,0.0
79,Mon 19th Jun 2017,0.0,0.0,3.0,0.0,0.0,0.0,0.0,0.0,0.0,0.0,0.0,52.0,30.0,0.0,0.0,60.0,52.0,0.0,0.0,0.0,0.0,0.0,26.0,0.0,0.0,26.0,60.0,0.0,0.0,0.0,-39.0,-15.0,0.0,0.0,0.0,0.0,0.0,0.0,0.0,0.0,0.0,0.0,52.0,0.0,0.0,130.0,30.0,0.0,0.0,0.0,0.0,0.0,0.0,0.0,0.0,0.0,26.0,0.0,0.0,52.0,0.0,0.0,0.0,0.0,30.0,0.0,0.0,0.0,0.0,78.0,30.0,0.0,78.0,0.0,0.0,0.0,156.0,120.0,0.0,0.0,0.0,-10.0,0.0,0.0,26.0,0.0,0.0,0.0,0.0,0.0,0.0,0.0,0.0,0.0,0.0,0.0,0.0,0.0,40.0,36.0,0.0,0.0,30.0,0.0,0.0
80,Tue 20th Jun 2017,0.0,0.0,0.0,0.0,0.0,0.0,0.0,0.0,0.0,0.0,0.0,0.0,0.0,0.0,0.0,60.0,52.0,0.0,0.0,0.0,0.0,0.0,52.0,90.0,0.0,52.0,30.0,0.0,0.0,-40.0,-39.0,-15.0,0.0,0.0,0.0,0.0,0.0,0.0,0.0,0.0,20.0,0.0,0.0,0.0,40.0,130.0,60.0,0.0,0.0,0.0,0.0,0.0,0.0,0.0,0.0,0.0,0.0,0.0,0.0,26.0,0.0,0.0,0.0,0.0,0.0,0.0,0.0,0.0,40.0,78.0,150.0,0.0,52.0,0.0,0.0,80.0,78.0,150.0,0.0,0.0,0.0,-4.0,0.0,0.0,0.0,0.0,0.0,0.0,0.0,0.0,0.0,0.0,0.0,0.0,0.0,0.0,0.0,0.0,40.0,54.0,0.0,0.0,0.0,0.0,0.0
81,Wed 21st Jun 2017,0.0,0.0,0.0,0.0,0.0,0.0,0.0,0.0,0.0,0.0,0.0,0.0,0.0,0.0,0.0,90.0,0.0,0.0,0.0,26.0,0.0,0.0,130.0,30.0,0.0,26.0,0.0,0.0,0.0,0.0,-13.0,-15.0,0.0,0.0,0.0,0.0,0.0,0.0,0.0,0.0,0.0,0.0,26.0,30.0,0.0,0.0,30.0,0.0,0.0,0.0,0.0,0.0,0.0,0.0,0.0,40.0,0.0,0.0,0.0,52.0,30.0,0.0,0.0,0.0,0.0,0.0,0.0,0.0,0.0,26.0,90.0,0.0,0.0,30.0,0.0,0.0,52.0,180.0,0.0,0.0,0.0,-2.0,0.0,0.0,0.0,30.0,0.0,0.0,-26.0,0.0,0.0,0.0,0.0,7.0,0.0,0.0,30.0,0.0,20.0,18.0,0.0,26.0,0.0,0.0,0.0
82,Thu 22nd Jun 2017,0.0,0.0,3.0,0.0,0.0,0.0,0.0,0.0,0.0,0.0,0.0,0.0,0.0,0.0,0.0,30.0,52.0,30.0,0.0,0.0,0.0,0.0,0.0,150.0,0.0,0.0,90.0,0.0,0.0,0.0,-13.0,0.0,0.0,0.0,0.0,0.0,0.0,0.0,0.0,0.0,0.0,0.0,26.0,30.0,0.0,0.0,180.0,0.0,0.0,0.0,0.0,0.0,0.0,0.0,0.0,0.0,52.0,60.0,0.0,156.0,120.0,0.0,0.0,26.0,30.0,0.0,0.0,0.0,0.0,156.0,120.0,0.0,0.0,30.0,0.0,0.0,78.0,0.0,0.0,0.0,0.0,-8.0,0.0,0.0,0.0,0.0,0.0,0.0,0.0,0.0,0.0,0.0,0.0,0.0,0.0,26.0,30.0,0.0,35.0,84.0,0.0,26.0,30.0,0.0,0.0
83,Fri 23rd Jun 2017,0.0,0.0,3.0,0.0,0.0,0.0,0.0,0.0,0.0,0.0,0.0,0.0,0.0,0.0,0.0,90.0,26.0,0.0,0.0,0.0,0.0,0.0,52.0,60.0,0.0,0.0,60.0,0.0,0.0,0.0,-13.0,-30.0,0.0,0.0,0.0,0.0,0.0,0.0,0.0,0.0,0.0,0.0,0.0,60.0,0.0,26.0,0.0,0.0,0.0,0.0,0.0,0.0,0.0,0.0,0.0,0.0,0.0,30.0,0.0,104.0,150.0,0.0,0.0,130.0,0.0,0.0,0.0,0.0,0.0,208.0,150.0,0.0,0.0,0.0,0.0,0.0,52.0,240.0,0.0,0.0,0.0,-6.0,0.0,0.0,26.0,60.0,0.0,0.0,0.0,0.0,0.0,0.0,0.0,0.0,0.0,104.0,120.0,0.0,60.0,42.0,0.0,0.0,0.0,0.0,0.0
84,Sat 24th Jun 2017,0.0,4.0,0.0,0.0,0.0,0.0,0.0,26.0,150.0,0.0,0.0,26.0,0.0,0.0,0.0,0.0,52.0,0.0,0.0,0.0,0.0,0.0,130.0,90.0,0.0,0.0,0.0,0.0,0.0,0.0,-13.0,-45.0,0.0,0.0,0.0,0.0,0.0,0.0,0.0,0.0,0.0,0.0,78.0,30.0,0.0,26.0,0.0,0.0,0.0,0.0,0.0,0.0,0.0,0.0,0.0,0.0,0.0,60.0,0.0,52.0,90.0,0.0,0.0,182.0,60.0,0.0,0.0,0.0,0.0,0.0,30.0,0.0,0.0,0.0,0.0,0.0,130.0,120.0,0.0,0.0,0.0,0.0,0.0,0.0,52.0,60.0,0.0,0.0,0.0,0.0,0.0,0.0,0.0,0.0,0.0,0.0,60.0,0.0,50.0,48.0,0.0,0.0,0.0,0.0,0.0
85,Sun 25th Jun 2017,0.0,0.0,0.0,0.0,0.0,0.0,0.0,0.0,0.0,0.0,0.0,0.0,0.0,0.0,0.0,0.0,0.0,0.0,0.0,0.0,0.0,0.0,0.0,0.0,0.0,0.0,0.0,0.0,0.0,0.0,0.0,0.0,0.0,0.0,0.0,0.0,0.0,0.0,0.0,0.0,0.0,0.0,0.0,0.0,0.0,0.0,0.0,0.0,0.0,0.0,0.0,0.0,0.0,0.0,0.0,0.0,0.0,0.0,0.0,0.0,0.0,0.0,0.0,0.0,0.0,0.0,0.0,0.0,0.0,0.0,0.0,0.0,0.0,0.0,0.0,0.0,0.0,0.0,0.0,0.0,0.0,0.0,0.0,0.0,0.0,0.0,0.0,0.0,0.0,0.0,0.0,0.0,0.0,0.0,0.0,0.0,0.0,0.0,0.0,0.0,0.0,0.0,0.0,0.0,0.0
86,Mon 26th Jun 2017,0.0,0.0,0.0,0.0,0.0,0.0,0.0,0.0,90.0,0.0,0.0,0.0,30.0,0.0,0.0,60.0,26.0,30.0,0.0,26.0,12.0,0.0,104.0,60.0,0.0,0.0,0.0,0.0,0.0,0.0,-65.0,-120.0,0.0,0.0,0.0,0.0,0.0,0.0,0.0,0.0,0.0,0.0,26.0,60.0,0.0,52.0,30.0,0.0,0.0,30.0,0.0,0.0,0.0,0.0,0.0,0.0,0.0,210.0,0.0,104.0,300.0,0.0,0.0,104.0,120.0,0.0,0.0,0.0,0.0,104.0,60.0,0.0,0.0,0.0,0.0,0.0,182.0,210.0,0.0,0.0,0.0,-10.0,0.0,0.0,0.0,30.0,0.0,0.0,0.0,0.0,0.0,0.0,0.0,0.0,0.0,156.0,120.0,0.0,60.0,42.0,0.0,52.0,60.0,0.0,0.0
87,Tue 27th Jun 2017,0.0,0.0,0.0,0.0,0.0,0.0,0.0,52.0,30.0,0.0,40.0,0.0,119.54545,0.0,40.0,179.0909,26.0,29.54545,0.0,0.0,0.0,40.0,78.0,149.54545,0.0,0.0,59.54545,0.0,0.0,0.0,-39.0,-45.0,0.0,0.0,0.0,0.0,0.0,0.0,0.0,0.0,0.0,40.0,0.0,119.0909,0.0,0.0,29.54545,0.0,0.0,30.0,0.0,0.0,0.0,0.0,0.0,0.0,0.0,119.0909,0.0,182.0,329.54545,0.0,0.0,0.0,149.54545,0.0,0.0,0.0,0.0,26.0,119.0909,0.0,0.0,29.54545,0.0,40.0,182.0,179.54545,0.0,0.0,0.0,-6.0,0.0,0.0,26.0,209.0909,0.0,-40.0,0.0,0.0,0.0,0.0,0.0,7.0,0.0,0.0,239.0909,0.0,50.0,108.0,0.0,26.0,149.54545,0.0,0.0
88,Wed 28th Jun 2017,0.0,0.0,0.0,0.0,0.0,0.0,0.0,104.0,90.0,0.0,0.0,78.0,120.0,0.0,0.0,90.0,52.0,30.0,0.0,26.0,0.0,0.0,0.0,120.0,0.0,0.0,0.0,0.0,0.0,0.0,-65.0,-45.0,0.0,0.0,0.0,0.0,0.0,0.0,0.0,0.0,0.0,0.0,52.0,89.16667,0.0,52.0,88.33334,0.0,0.0,0.0,0.0,0.0,0.0,0.0,0.0,0.0,104.0,298.33334,0.0,26.0,60.0,0.0,0.0,52.0,0.0,0.0,0.0,0.0,0.0,26.0,60.0,0.0,26.0,0.0,0.0,0.0,130.0,150.0,0.0,0.0,0.0,-4.0,0.0,0.0,26.0,30.0,0.0,0.0,0.0,0.0,0.0,0.0,0.0,0.0,0.0,52.0,59.16667,0.0,30.0,66.0,0.0,52.0,120.0,0.0,0.0
89,Thu 29th Jun 2017,0.0,4.0,0.0,0.0,0.0,0.0,0.0,52.0,30.0,0.0,0.0,208.0,30.0,0.0,0.0,0.0,0.0,0.0,0.0,26.0,0.0,0.0,78.0,60.0,0.0,26.0,0.0,0.0,0.0,0.0,-39.0,-15.0,0.0,0.0,0.0,0.0,0.0,0.0,0.0,0.0,0.0,0.0,0.0,30.0,0.0,0.0,0.0,0.0,0.0,0.0,0.0,0.0,0.0,0.0,0.0,0.0,156.0,150.0,0.0,52.0,0.0,0.0,0.0,104.0,60.0,0.0,0.0,0.0,0.0,26.0,0.0,0.0,26.0,0.0,0.0,0.0,26.0,0.0,0.0,0.0,0.0,-4.0,0.0,0.0,0.0,0.0,0.0,0.0,-26.0,0.0,0.0,0.0,0.0,0.0,0.0,0.0,60.0,0.0,35.0,12.0,0.0,0.0,60.0,0.0,0.0
90,Fri 30th Jun 2017,0.0,24.0,0.0,0.0,0.0,0.0,0.0,52.0,30.0,0.0,0.0,78.0,180.0,0.0,0.0,0.0,76.0,0.0,0.0,0.0,0.0,0.0,102.0,270.0,0.0,0.0,30.0,0.0,0.0,0.0,-39.0,-75.0,0.0,0.0,0.0,0.0,0.0,0.0,0.0,0.0,0.0,0.0,50.0,120.0,0.0,26.0,0.0,0.0,68.0,30.0,0.0,0.0,0.0,0.0,0.0,0.0,180.0,390.0,0.0,26.0,30.0,0.0,0.0,78.0,30.0,0.0,0.0,0.0,0.0,0.0,90.0,0.0,0.0,60.0,0.0,0.0,76.0,30.0,0.0,0.0,0.0,-10.0,0.0,0.0,52.0,270.0,0.0,0.0,0.0,0.0,0.0,0.0,0.0,0.0,0.0,26.0,270.0,0.0,30.0,114.0,0.0,102.0,30.0,0.0,0.0
91,Sat 1st Jul 2017,0.0,0.0,0.0,0.0,0.0,0.0,0.0,0.0,0.0,0.0,0.0,104.0,90.0,0.0,0.0,0.0,0.0,0.0,0.0,0.0,0.0,40.0,26.0,300.0,0.0,0.0,0.0,0.0,0.0,0.0,-26.0,-90.0,0.0,0.0,0.0,0.0,0.0,0.0,0.0,0.0,0.0,0.0,0.0,0.0,0.0,0.0,0.0,0.0,0.0,0.0,0.0,0.0,0.0,0.0,0.0,0.0,52.0,180.0,0.0,0.0,30.0,0.0,0.0,26.0,60.0,0.0,0.0,0.0,0.0,0.0,30.0,0.0,0.0,0.0,0.0,0.0,0.0,0.0,0.0,0.0,0.0,0.0,0.0,0.0,0.0,150.0,0.0,0.0,0.0,-18.0,0.0,0.0,0.0,0.0,0.0,26.0,90.0,0.0,10.0,78.0,0.0,0.0,60.0,0.0,0.0
92,Sun 2nd Jul 2017,0.0,0.0,0.0,0.0,0.0,0.0,0.0,0.0,0.0,0.0,0.0,0.0,0.0,0.0,0.0,0.0,0.0,0.0,0.0,0.0,0.0,0.0,0.0,0.0,0.0,0.0,0.0,0.0,0.0,0.0,0.0,0.0,0.0,0.0,0.0,0.0,0.0,0.0,0.0,0.0,0.0,0.0,0.0,0.0,0.0,0.0,0.0,0.0,0.0,0.0,0.0,0.0,0.0,0.0,0.0,0.0,0.0,0.0,0.0,0.0,0.0,0.0,0.0,0.0,0.0,0.0,0.0,0.0,0.0,0.0,0.0,0.0,0.0,0.0,0.0,0.0,0.0,0.0,0.0,0.0,0.0,0.0,0.0,0.0,0.0,0.0,0.0,0.0,0.0,0.0,0.0,0.0,0.0,0.0,0.0,0.0,0.0,0.0,0.0,0.0,0.0,0.0,0.0,0.0,0.0
93,Mon 3rd Jul 2017,0.0,0.0,0.0,0.0,0.0,0.0,0.0,0.0,0.0,0.0,0.0,182.0,0.0,0.0,0.0,0.0,0.0,0.0,0.0,0.0,0.0,40.0,130.0,30.0,0.0,0.0,0.0,0.0,0.0,-20.0,-130.0,-30.0,0.0,0.0,0.0,0.0,0.0,0.0,0.0,0.0,0.0,0.0,26.0,0.0,0.0,0.0,0.0,0.0,0.0,30.0,0.0,0.0,0.0,0.0,0.0,0.0,104.0,0.0,40.0,26.0,0.0,0.0,0.0,0.0,0.0,0.0,0.0,0.0,40.0,52.0,0.0,0.0,26.0,0.0,0.0,0.0,156.0,0.0,0.0,0.0,0.0,-2.0,0.0,0.0,130.0,30.0,0.0,0.0,-26.0,0.0,0.0,0.0,0.0,0.0,40.0,52.0,30.0,8.0,20.0,0.0,0.0,78.0,30.0,0.0,0.0
94,Tue 4th Jul 2017,0.0,0.0,3.0,0.0,0.0,0.0,0.0,52.0,30.0,0.0,0.0,104.0,30.0,0.0,0.0,30.0,0.0,0.0,0.0,0.0,0.0,0.0,130.0,90.0,0.0,0.0,0.0,0.0,0.0,0.0,-26.0,-15.0,0.0,0.0,0.0,0.0,0.0,0.0,0.0,0.0,0.0,0.0,26.0,30.0,0.0,0.0,0.0,0.0,0.0,0.0,0.0,0.0,0.0,0.0,0.0,0.0,52.0,0.0,0.0,26.0,0.0,66.0,0.0,0.0,0.0,0.0,0.0,0.0,0.0,52.0,0.0,0.0,52.0,30.0,0.0,0.0,52.0,30.0,0.0,0.0,0.0,-4.0,0.0,0.0,78.0,30.0,0.0,0.0,0.0,0.0,0.0,0.0,0.0,0.0,0.0,78.0,0.0,0.0,75.0,24.0,0.0,26.0,60.0,0.0,0.0
95,Wed 5th Jul 2017,0.0,0.0,0.0,0.0,0.0,0.0,0.0,26.0,0.0,0.0,0.0,104.0,120.0,0.0,0.0,0.0,52.0,0.0,0.0,0.0,0.0,0.0,130.0,120.0,0.0,0.0,0.0,0.0,0.0,0.0,-26.0,-45.0,0.0,0.0,0.0,0.0,0.0,0.0,0.0,0.0,20.0,0.0,26.0,0.0,0.0,52.0,0.0,0.0,34.0,30.0,0.0,0.0,0.0,0.0,0.0,0.0,130.0,60.0,0.0,26.0,60.0,0.0,0.0,0.0,30.0,0.0,0.0,0.0,0.0,52.0,0.0,0.0,0.0,0.0,0.0,0.0,0.0,0.0,0.0,0.0,0.0,0.0,0.0,0.0,52.0,30.0,0.0,0.0,0.0,0.0,0.0,0.0,0.0,0.0,0.0,26.0,0.0,0.0,40.0,18.0,0.0,78.0,0.0,0.0,0.0
96,Thu 6th Jul 2017,0.0,0.0,6.0,0.0,0.0,0.0,0.0,52.0,0.0,0.0,0.0,52.0,60.0,0.0,0.0,0.0,26.0,0.0,0.0,26.0,0.0,0.0,156.0,30.0,0.0,0.0,30.0,0.0,0.0,0.0,-52.0,-45.0,0.0,0.0,0.0,0.0,0.0,0.0,0.0,0.0,0.0,0.0,52.0,0.0,0.0,182.0,180.0,0.0,0.0,60.0,0.0,0.0,0.0,0.0,0.0,0.0,26.0,60.0,0.0,26.0,30.0,0.0,0.0,0.0,0.0,0.0,0.0,0.0,0.0,26.0,30.0,0.0,26.0,0.0,0.0,0.0,78.0,150.0,0.0,0.0,0.0,-4.0,0.0,0.0,52.0,90.0,0.0,0.0,-26.0,0.0,0.0,0.0,0.0,7.0,0.0,26.0,0.0,0.0,30.0,42.0,0.0,78.0,30.0,0.0,0.0
97,Fri 7th Jul 2017,0.0,4.0,0.0,0.0,0.0,0.0,0.0,0.0,0.0,0.0,0.0,26.0,60.0,0.0,0.0,0.0,26.0,0.0,0.0,0.0,0.0,40.0,0.0,60.0,0.0,52.0,60.0,0.0,0.0,0.0,-26.0,-45.0,0.0,0.0,0.0,0.0,0.0,0.0,0.0,0.0,0.0,0.0,78.0,30.0,40.0,78.0,60.0,0.0,0.0,60.0,0.0,0.0,0.0,0.0,0.0,0.0,0.0,0.0,0.0,0.0,0.0,0.0,0.0,26.0,0.0,0.0,0.0,0.0,0.0,0.0,30.0,0.0,26.0,60.0,0.0,40.0,78.0,240.0,0.0,0.0,0.0,-2.0,-26.0,0.0,52.0,150.0,0.0,0.0,0.0,0.0,0.0,0.0,0.0,0.0,0.0,0.0,0.0,0.0,25.0,42.0,0.0,26.0,90.0,0.0,0.0
98,Sat 8th Jul 2017,0.0,0.0,0.0,0.0,0.0,0.0,0.0,0.0,0.0,0.0,0.0,0.0,0.0,0.0,40.0,0.0,26.0,0.0,0.0,26.0,0.0,0.0,0.0,0.0,0.0,52.0,30.0,0.0,0.0,-20.0,-26.0,0.0,0.0,0.0,0.0,0.0,0.0,0.0,0.0,0.0,0.0,160.0,52.0,60.0,80.0,52.0,0.0,0.0,0.0,30.0,0.0,0.0,0.0,0.0,0.0,0.0,26.0,0.0,0.0,26.0,0.0,0.0,0.0,0.0,0.0,0.0,0.0,0.0,0.0,52.0,0.0,0.0,26.0,0.0,0.0,40.0,78.0,0.0,0.0,0.0,0.0,0.0,0.0,240.0,0.0,30.0,0.0,0.0,0.0,0.0,0.0,0.0,0.0,0.0,0.0,0.0,0.0,64.0,25.0,18.0,40.0,26.0,0.0,0.0,0.0
99,Sun 9th Jul 2017,0.0,0.0,0.0,0.0,0.0,0.0,0.0,0.0,0.0,0.0,0.0,0.0,60.0,0.0,0.0,30.0,0.0,0.0,0.0,0.0,0.0,0.0,0.0,30.0,0.0,78.0,0.0,0.0,0.0,0.0,0.0,0.0,0.0,0.0,0.0,0.0,0.0,0.0,0.0,0.0,0.0,0.0,26.0,60.0,0.0,0.0,0.0,0.0,0.0,0.0,0.0,0.0,0.0,0.0,0.0,80.0,52.0,60.0,40.0,26.0,0.0,0.0,0.0,0.0,0.0,0.0,0.0,0.0,0.0,52.0,0.0,0.0,0.0,0.0,0.0,120.0,26.0,0.0,0.0,0.0,0.0,0.0,0.0,0.0,52.0,0.0,0.0,0.0,0.0,0.0,0.0,0.0,0.0,0.0,0.0,52.0,0.0,16.0,25.0,0.0,0.0,0.0,30.0,0.0,0.0
100,Mon 10th Jul 2017,0.0,0.0,0.0,0.0,0.0,0.0,0.0,78.0,30.0,0.0,0.0,0.0,0.0,0.0,0.0,30.0,0.0,0.0,0.0,0.0,0.0,0.0,78.0,0.0,0.0,26.0,60.0,0.0,0.0,0.0,-65.0,-30.0,0.0,0.0,0.0,0.0,0.0,0.0,0.0,0.0,0.0,0.0,208.0,0.0,0.0,130.0,120.0,0.0,0.0,0.0,0.0,40.0,0.0,90.0,0.0,40.0,0.0,0.0,0.0,0.0,30.0,0.0,0.0,0.0,0.0,52.0,0.0,0.0,40.0,0.0,0.0,0.0,0.0,30.0,0.0,40.0,208.0,180.0,0.0,0.0,0.0,0.0,0.0,0.0,0.0,30.0,0.0,0.0,0.0,0.0,0.0,0.0,0.0,0.0,0.0,26.0,30.0,8.0,55.0,18.0,0.0,52.0,0.0,0.0,0.0
101,Tue 11th Jul 2017,5.0,4.0,3.0,0.0,0.0,0.0,0.0,78.0,0.0,0.0,280.0,26.0,0.0,0.0,0.0,0.0,26.0,0.0,0.0,0.0,0.0,360.0,0.0,30.0,120.0,130.0,90.0,0.0,0.0,-20.0,-13.0,0.0,0.0,0.0,0.0,0.0,0.0,0.0,0.0,0.0,0.0,240.0,104.0,0.0,40.0,104.0,0.0,0.0,0.0,0.0,0.0,120.0,78.0,60.0,0.0,240.0,26.0,0.0,40.0,52.0,0.0,0.0,40.0,0.0,0.0,0.0,0.0,0.0,80.0,26.0,0.0,0.0,0.0,0.0,0.0,80.0,78.0,120.0,0.0,0.0,0.0,0.0,0.0,360.0,0.0,0.0,0.0,0.0,-26.0,0.0,0.0,0.0,0.0,0.0,80.0,0.0,0.0,48.0,55.0,42.0,160.0,52.0,60.0,0.0,0.0
102,Wed 12th Jul 2017,0.0,4.0,3.0,0.0,0.0,0.0,0.0,26.0,60.0,0.0,0.0,0.0,0.0,0.0,0.0,0.0,26.0,60.0,40.0,52.0,0.0,0.0,0.0,30.0,40.0,130.0,120.0,0.0,0.0,-20.0,-78.0,-60.0,0.0,0.0,0.0,0.0,0.0,0.0,26.0,0.0,0.0,80.0,104.0,60.0,240.0,182.0,180.0,0.0,34.0,0.0,0.0,80.0,52.0,30.0,0.0,40.0,78.0,0.0,80.0,26.0,0.0,0.0,0.0,0.0,0.0,0.0,0.0,0.0,0.0,26.0,0.0,40.0,0.0,0.0,0.0,0.0,26.0,0.0,0.0,0.0,0.0,-2.0,0.0,80.0,0.0,30.0,0.0,0.0,0.0,0.0,0.0,0.0,0.0,0.0,0.0,26.0,0.0,72.0,40.0,24.0,40.0,78.0,30.0,0.0,0.0
103,Thu 13th Jul 2017,0.0,0.0,3.0,0.0,0.0,0.0,0.0,0.0,0.0,0.0,0.0,0.0,0.0,0.0,0.0,30.0,0.0,30.0,0.0,26.0,0.0,0.0,52.0,30.0,0.0,26.0,30.0,0.0,0.0,0.0,0.0,-45.0,0.0,0.0,0.0,0.0,0.0,0.0,26.0,30.0,0.0,160.0,78.0,60.0,0.0,26.0,120.0,0.0,0.0,0.0,0.0,0.0,0.0,0.0,0.0,0.0,52.0,90.0,0.0,0.0,0.0,0.0,0.0,0.0,30.0,0.0,0.0,0.0,120.0,78.0,90.0,0.0,0.0,0.0,0.0,40.0,26.0,30.0,0.0,0.0,0.0,-2.0,0.0,0.0,52.0,60.0,0.0,0.0,0.0,0.0,0.0,0.0,0.0,0.0,40.0,0.0,0.0,24.0,30.0,12.0,0.0,26.0,30.0,0.0,0.0
104,Fri 14th Jul 2017,5.0,0.0,3.0,0.0,0.0,0.0,0.0,26.0,0.0,0.0,0.0,0.0,30.0,0.0,0.0,0.0,0.0,30.0,40.0,0.0,36.0,40.0,26.0,0.0,0.0,26.0,30.0,0.0,0.0,-100.0,-65.0,0.0,0.0,0.0,0.0,0.0,0.0,0.0,104.0,30.0,0.0,0.0,130.0,60.0,0.0,26.0,30.0,0.0,0.0,0.0,0.0,120.0,104.0,30.0,0.0,0.0,0.0,0.0,40.0,52.0,0.0,0.0,0.0,0.0,0.0,0.0,0.0,0.0,80.0,156.0,60.0,0.0,0.0,0.0,0.0,200.0,208.0,60.0,0.0,0.0,0.0,-8.0,0.0,0.0,0.0,0.0,0.0,0.0,-26.0,0.0,0.0,0.0,0.0,0.0,0.0,26.0,30.0,32.0,70.0,30.0,0.0,0.0,0.0,0.0,0.0
105,Sat 15th Jul 2017,0.0,0.0,0.0,0.0,0.0,0.0,0.0,0.0,0.0,0.0,80.0,0.0,0.0,0.0,0.0,0.0,0.0,0.0,0.0,26.0,0.0,80.0,26.0,0.0,120.0,78.0,30.0,0.0,0.0,-20.0,0.0,-15.0,0.0,0.0,0.0,0.0,0.0,40.0,0.0,0.0,0.0,0.0,26.0,0.0,80.0,26.0,30.0,0.0,0.0,0.0,0.0,0.0,26.0,0.0,0.0,0.0,26.0,30.0,80.0,26.0,0.0,0.0,0.0,0.0,0.0,0.0,0.0,0.0,120.0,78.0,30.0,0.0,0.0,0.0,0.0,40.0,52.0,0.0,0.0,0.0,0.0,0.0,0.0,0.0,52.0,0.0,0.0,0.0,-26.0,0.0,0.0,0.0,0.0,0.0,0.0,0.0,0.0,56.0,40.0,6.0,0.0,0.0,0.0,0.0,0.0
106,Sun 16th Jul 2017,5.0,0.0,0.0,0.0,0.0,0.0,0.0,0.0,0.0,0.0,0.0,0.0,0.0,0.0,0.0,0.0,0.0,30.0,0.0,0.0,0.0,0.0,0.0,0.0,0.0,0.0,0.0,0.0,0.0,0.0,-13.0,-15.0,0.0,0.0,0.0,0.0,0.0,80.0,0.0,60.0,0.0,0.0,26.0,0.0,0.0,26.0,0.0,0.0,68.0,0.0,0.0,0.0,0.0,0.0,0.0,0.0,26.0,0.0,0.0,52.0,0.0,0.0,0.0,52.0,0.0,0.0,0.0,0.0,80.0,26.0,0.0,0.0,0.0,0.0,0.0,200.0,78.0,30.0,0.0,0.0,0.0,0.0,0.0,0.0,0.0,0.0,0.0,0.0,0.0,0.0,0.0,0.0,0.0,0.0,0.0,26.0,30.0,40.0,20.0,12.0,0.0,0.0,0.0,0.0,0.0
107,Mon 17th Jul 2017,0.0,0.0,0.0,0.0,0.0,0.0,0.0,0.0,0.0,0.0,0.0,26.0,30.0,0.0,0.0,30.0,0.0,30.0,0.0,0.0,0.0,0.0,0.0,120.0,0.0,26.0,30.0,0.0,0.0,0.0,-26.0,-30.0,0.0,0.0,0.0,0.0,0.0,0.0,0.0,30.0,0.0,0.0,0.0,0.0,0.0,26.0,0.0,0.0,0.0,30.0,0.0,0.0,26.0,60.0,0.0,0.0,0.0,0.0,40.0,208.0,90.0,0.0,40.0,0.0,0.0,0.0,0.0,0.0,0.0,52.0,0.0,0.0,0.0,0.0,0.0,0.0,156.0,60.0,0.0,0.0,0.0,0.0,0.0,0.0,0.0,0.0,0.0,0.0,0.0,0.0,0.0,0.0,0.0,0.0,0.0,0.0,30.0,0.0,35.0,18.0,0.0,26.0,0.0,0.0,0.0
108,Tue 18th Jul 2017,0.0,4.0,0.0,0.0,0.0,0.0,0.0,0.0,0.0,0.0,0.0,0.0,0.0,0.0,40.0,0.0,0.0,60.0,80.0,52.0,0.0,80.0,0.0,0.0,0.0,78.0,60.0,0.0,0.0,-20.0,-26.0,0.0,0.0,0.0,0.0,0.0,0.0,40.0,26.0,0.0,0.0,0.0,0.0,0.0,0.0,52.0,0.0,0.0,0.0,30.0,0.0,0.0,26.0,30.0,0.0,0.0,0.0,0.0,40.0,234.0,30.0,0.0,0.0,0.0,0.0,0.0,0.0,0.0,40.0,130.0,0.0,0.0,0.0,0.0,0.0,40.0,26.0,0.0,0.0,0.0,0.0,0.0,0.0,0.0,0.0,0.0,0.0,0.0,-26.0,0.0,0.0,0.0,0.0,0.0,0.0,26.0,0.0,32.0,20.0,6.0,0.0,0.0,0.0,0.0,0.0
109,Wed 19th Jul 2017,0.0,4.0,3.0,0.0,0.0,0.0,0.0,0.0,0.0,0.0,0.0,0.0,0.0,0.0,0.0,30.0,0.0,30.0,0.0,0.0,0.0,0.0,52.0,0.0,0.0,26.0,30.0,0.0,0.0,0.0,-26.0,-15.0,0.0,0.0,0.0,0.0,0.0,0.0,0.0,0.0,0.0,0.0,0.0,0.0,0.0,52.0,0.0,0.0,34.0,60.0,0.0,0.0,26.0,0.0,0.0,40.0,26.0,30.0,120.0,0.0,90.0,0.0,40.0,0.0,0.0,0.0,0.0,0.0,80.0,52.0,0.0,0.0,0.0,0.0,0.0,160.0,104.0,90.0,0.0,0.0,0.0,0.0,0.0,40.0,78.0,0.0,0.0,0.0,0.0,0.0,0.0,0.0,0.0,0.0,40.0,26.0,0.0,56.0,20.0,24.0,40.0,0.0,0.0,0.0,0.0
110,Thu 20th Jul 2017,0.0,0.0,3.0,0.0,0.0,0.0,0.0,0.0,0.0,0.0,0.0,52.0,0.0,0.0,0.0,30.0,26.0,30.0,0.0,0.0,0.0,0.0,0.0,60.0,0.0,0.0,0.0,0.0,0.0,-20.0,-39.0,-30.0,0.0,0.0,0.0,0.0,0.0,40.0,0.0,0.0,0.0,0.0,52.0,0.0,40.0,0.0,30.0,0.0,34.0,0.0,0.0,0.0,52.0,90.0,0.0,0.0,0.0,30.0,40.0,52.0,30.0,0.0,0.0,0.0,0.0,0.0,0.0,0.0,40.0,104.0,30.0,40.0,26.0,0.0,0.0,80.0,130.0,90.0,0.0,0.0,0.0,0.0,0.0,0.0,104.0,0.0,0.0,0.0,0.0,0.0,0.0,0.0,0.0,0.0,0.0,0.0,30.0,16.0,35.0,30.0,0.0,26.0,30.0,0.0,0.0
111,Fri 21st Jul 2017,5.0,0.0,12.0,0.0,0.0,0.0,0.0,0.0,0.0,0.0,0.0,0.0,0.0,0.0,40.0,30.0,52.0,60.0,40.0,0.0,12.0,0.0,0.0,0.0,0.0,0.0,30.0,0.0,0.0,-20.0,-39.0,-45.0,0.0,0.0,0.0,0.0,0.0,0.0,26.0,0.0,0.0,40.0,26.0,0.0,0.0,0.0,0.0,45.0,0.0,0.0,0.0,0.0,26.0,0.0,0.0,0.0,26.0,60.0,80.0,104.0,30.0,0.0,0.0,0.0,0.0,0.0,0.0,0.0,0.0,130.0,30.0,0.0,0.0,0.0,0.0,0.0,182.0,90.0,0.0,0.0,0.0,0.0,0.0,80.0,26.0,30.0,0.0,0.0,0.0,0.0,0.0,0.0,0.0,0.0,0.0,0.0,0.0,0.0,30.0,24.0,0.0,0.0,0.0,0.0,0.0
112,Sat 22nd Jul 2017,0.0,0.0,0.0,0.0,0.0,0.0,0.0,0.0,0.0,0.0,0.0,26.0,0.0,0.0,80.0,30.0,26.0,0.0,0.0,78.0,0.0,80.0,52.0,30.0,0.0,0.0,30.0,0.0,0.0,-40.0,0.0,-15.0,0.0,0.0,0.0,0.0,0.0,0.0,0.0,0.0,0.0,0.0,0.0,0.0,0.0,0.0,0.0,0.0,0.0,0.0,0.0,80.0,52.0,0.0,0.0,160.0,78.0,60.0,0.0,52.0,30.0,0.0,80.0,26.0,0.0,0.0,0.0,0.0,80.0,104.0,30.0,0.0,0.0,0.0,0.0,40.0,130.0,120.0,0.0,0.0,0.0,0.0,0.0,40.0,0.0,30.0,0.0,0.0,0.0,0.0,0.0,0.0,0.0,0.0,40.0,0.0,0.0,8.0,20.0,18.0,40.0,0.0,90.0,0.0,0.0
113,Sun 23rd Jul 2017,0.0,0.0,0.0,0.0,0.0,0.0,0.0,0.0,0.0,0.0,0.0,0.0,0.0,0.0,0.0,0.0,0.0,0.0,0.0,0.0,0.0,0.0,0.0,0.0,0.0,0.0,0.0,0.0,0.0,0.0,0.0,0.0,0.0,0.0,0.0,0.0,0.0,0.0,0.0,0.0,0.0,0.0,0.0,0.0,0.0,0.0,0.0,0.0,0.0,0.0,0.0,0.0,0.0,0.0,0.0,0.0,0.0,0.0,0.0,0.0,0.0,0.0,0.0,0.0,0.0,0.0,0.0,0.0,0.0,0.0,0.0,0.0,0.0,0.0,0.0,0.0,0.0,0.0,0.0,0.0,0.0,0.0,0.0,0.0,0.0,0.0,0.0,0.0,0.0,0.0,0.0,0.0,0.0,0.0,0.0,0.0,0.0,0.0,0.0,0.0,0.0,0.0,0.0,0.0,0.0
114,Mon 24th Jul 2017,0.0,0.0,0.0,0.0,0.0,0.0,0.0,0.0,0.0,0.0,0.0,52.0,0.0,0.0,0.0,30.0,26.0,60.0,40.0,26.0,24.0,0.0,52.0,0.0,40.0,104.0,30.0,0.0,0.0,-20.0,-26.0,-45.0,0.0,0.0,0.0,-26.0,0.0,0.0,52.0,30.0,0.0,80.0,26.0,0.0,0.0,0.0,30.0,45.0,0.0,60.0,0.0,0.0,26.0,0.0,0.0,80.0,52.0,60.0,0.0,78.0,0.0,0.0,0.0,0.0,30.0,0.0,0.0,0.0,0.0,52.0,30.0,0.0,0.0,0.0,0.0,0.0,208.0,90.0,0.0,0.0,0.0,0.0,0.0,80.0,78.0,60.0,0.0,0.0,0.0,0.0,0.0,0.0,0.0,0.0,80.0,26.0,30.0,16.0,30.0,24.0,0.0,52.0,0.0,0.0,0.0
115,Tue 25th Jul 2017,0.0,0.0,3.0,0.0,0.0,0.0,0.0,0.0,0.0,0.0,0.0,0.0,0.0,0.0,40.0,30.0,52.0,0.0,0.0,78.0,12.0,0.0,0.0,0.0,0.0,0.0,0.0,0.0,0.0,-40.0,-78.0,0.0,0.0,0.0,0.0,0.0,0.0,0.0,26.0,30.0,0.0,0.0,26.0,30.0,0.0,52.0,0.0,0.0,0.0,0.0,0.0,0.0,0.0,0.0,0.0,80.0,52.0,120.0,40.0,78.0,0.0,0.0,0.0,0.0,0.0,0.0,0.0,0.0,0.0,0.0,0.0,0.0,0.0,0.0,0.0,40.0,234.0,60.0,0.0,0.0,0.0,0.0,0.0,40.0,130.0,30.0,0.0,0.0,0.0,-18.0,0.0,0.0,0.0,0.0,80.0,234.0,0.0,24.0,60.0,24.0,0.0,0.0,0.0,0.0,0.0
116,Wed 26th Jul 2017,0.0,0.0,3.0,0.0,0.0,0.0,0.0,0.0,0.0,0.0,0.0,0.0,90.0,0.0,0.0,120.0,0.0,0.0,0.0,78.0,24.0,0.0,78.0,0.0,0.0,0.0,30.0,0.0,0.0,0.0,-26.0,0.0,0.0,0.0,0.0,0.0,0.0,0.0,26.0,0.0,40.0,0.0,78.0,0.0,0.0,52.0,0.0,0.0,34.0,0.0,0.0,0.0,0.0,0.0,0.0,0.0,156.0,30.0,40.0,182.0,30.0,1.0,0.0,0.0,60.0,0.0,0.0,0.0,0.0,78.0,30.0,0.0,0.0,0.0,0.0,0.0,78.0,30.0,0.0,0.0,0.0,0.0,0.0,40.0,78.0,0.0,0.0,0.0,0.0,0.0,0.0,0.0,0.0,0.0,0.0,208.0,0.0,0.0,60.0,18.0,0.0,0.0,0.0,0.0,0.0
117,Thu 27th Jul 2017,0.0,0.0,3.0,0.0,0.0,0.0,0.0,0.0,0.0,0.0,0.0,26.0,0.0,0.0,40.0,0.0,182.0,30.0,0.0,156.0,12.0,0.0,0.0,30.0,0.0,26.0,0.0,0.0,0.0,0.0,-52.0,0.0,0.0,0.0,0.0,0.0,0.0,0.0,52.0,0.0,0.0,40.0,26.0,0.0,0.0,26.0,0.0,0.0,68.0,60.0,0.0,0.0,0.0,0.0,0.0,0.0,208.0,30.0,0.0,26.0,0.0,0.0,0.0,0.0,0.0,0.0,0.0,0.0,0.0,0.0,0.0,0.0,0.0,0.0,0.0,0.0,182.0,0.0,0.0,0.0,0.0,0.0,0.0,40.0,130.0,30.0,0.0,0.0,-26.0,0.0,0.0,0.0,0.0,0.0,0.0,182.0,0.0,8.0,55.0,0.0,0.0,0.0,0.0,0.0,0.0
118,Fri 28th Jul 2017,0.0,0.0,0.0,10.0,0.0,0.0,0.0,0.0,0.0,0.0,0.0,52.0,0.0,0.0,80.0,0.0,156.0,0.0,0.0,52.0,0.0,40.0,104.0,30.0,0.0,26.0,0.0,0.0,0.0,0.0,-78.0,0.0,0.0,0.0,0.0,0.0,0.0,40.0,52.0,0.0,0.0,40.0,52.0,0.0,40.0,52.0,0.0,0.0,0.0,0.0,0.0,0.0,26.0,0.0,0.0,280.0,182.0,60.0,40.0,78.0,0.0,0.0,0.0,52.0,0.0,0.0,0.0,0.0,0.0,0.0,0.0,0.0,0.0,0.0,0.0,80.0,338.0,60.0,0.0,0.0,0.0,0.0,0.0,200.0,130.0,90.0,0.0,-40.0,0.0,0.0,0.0,0.0,0.0,0.0,120.0,26.0,0.0,64.0,75.0,18.0,0.0,0.0,0.0,0.0,0.0
119,Sat 29th Jul 2017,4.90566,0.0,0.0,0.0,0.0,0.0,0.0,0.0,0.0,0.0,40.0,0.0,0.0,0.0,80.0,0.0,130.0,0.0,0.0,26.0,0.0,319.24528,156.0,30.0,0.0,0.0,0.0,0.0,0.0,-20.0,-65.0,-15.0,0.0,0.0,0.0,0.0,0.0,0.0,0.0,30.0,0.0,80.0,0.0,0.0,40.0,52.0,0.0,0.0,0.0,0.0,0.0,0.0,0.0,0.0,0.0,80.0,78.0,60.0,80.0,104.0,30.0,0.0,80.0,52.0,30.0,0.0,0.0,0.0,80.0,26.0,0.0,0.0,0.0,0.0,0.0,40.0,104.0,60.0,0.0,0.0,0.0,0.0,0.0,0.0,0.0,0.0,0.0,0.0,0.0,0.0,0.0,0.0,0.0,0.0,40.0,52.0,0.0,55.84906,45.0,18.0,0.0,26.0,0.0,0.0,0.0
120,Sun 30th Jul 2017,0.0,0.0,3.0,0.0,0.0,0.0,0.0,0.0,0.0,0.0,0.0,0.0,0.0,0.0,40.0,90.0,52.0,0.0,0.0,0.0,0.0,120.0,78.0,0.0,0.0,26.0,0.0,0.0,0.0,-100.0,-52.0,-15.0,0.0,0.0,0.0,0.0,0.0,40.0,0.0,0.0,0.0,0.0,0.0,0.0,0.0,0.0,0.0,0.0,0.0,0.0,0.0,0.0,0.0,0.0,0.0,0.0,26.0,0.0,40.0,78.0,0.0,20.0,80.0,26.0,30.0,0.0,0.0,0.0,80.0,130.0,30.0,0.0,0.0,0.0,0.0,0.0,0.0,0.0,0.0,0.0,0.0,0.0,0.0,0.0,0.0,0.0,0.0,0.0,0.0,0.0,0.0,0.0,0.0,7.0,40.0,104.0,0.0,0.0,5.0,6.0,0.0,0.0,0.0,0.0,0.0
121,Mon 31st Jul 2017,0.0,0.0,6.0,0.0,0.0,0.0,0.0,0.0,0.0,0.0,0.0,26.0,0.0,0.0,0.0,0.0,52.0,0.0,0.0,26.0,36.0,160.0,104.0,60.0,0.0,0.0,0.0,0.0,0.0,-20.0,-13.0,0.0,0.0,0.0,0.0,0.0,0.0,40.0,0.0,60.0,0.0,120.0,26.0,0.0,0.0,26.0,0.0,45.0,0.0,0.0,0.0,0.0,0.0,0.0,0.0,0.0,0.0,0.0,0.0,182.0,0.0,0.0,0.0,26.0,0.0,0.0,0.0,0.0,80.0,182.0,30.0,0.0,0.0,0.0,0.0,0.0,0.0,0.0,0.0,0.0,0.0,0.0,0.0,40.0,0.0,0.0,0.0,0.0,-52.0,0.0,0.0,0.0,0.0,7.0,40.0,52.0,0.0,8.0,50.0,18.0,0.0,52.0,0.0,0.0,0.0
122,Tue 1st Aug 2017,0.0,0.0,3.0,0.0,0.0,0.0,0.0,0.0,0.0,0.0,40.0,52.0,0.0,0.0,40.0,30.0,104.0,0.0,0.0,0.0,12.0,0.0,130.0,120.0,0.0,26.0,30.0,0.0,0.0,0.0,-39.0,-30.0,0.0,0.0,0.0,0.0,0.0,0.0,78.0,30.0,20.0,40.0,26.0,0.0,0.0,0.0,30.0,0.0,0.0,30.0,0.0,0.0,0.0,0.0,0.0,80.0,52.0,0.0,40.0,208.0,60.0,0.0,0.0,130.0,60.0,0.0,0.0,0.0,80.0,78.0,60.0,0.0,0.0,0.0,0.0,0.0,234.0,0.0,0.0,0.0,0.0,0.0,0.0,0.0,26.0,0.0,0.0,0.0,-26.0,0.0,0.0,0.0,0.0,0.0,40.0,104.0,30.0,32.0,55.0,48.0,0.0,0.0,30.0,0.0,0.0
123,Wed 2nd Aug 2017,15.0,8.0,3.0,0.0,0.0,0.0,0.0,0.0,0.0,0.0,0.0,0.0,0.0,0.0,0.0,30.0,52.0,0.0,0.0,26.0,0.0,200.0,52.0,30.0,0.0,26.0,0.0,0.0,0.0,-20.0,-52.0,-15.0,0.0,0.0,0.0,0.0,0.0,0.0,26.0,30.0,0.0,0.0,26.0,30.0,0.0,26.0,0.0,0.0,0.0,0.0,0.0,0.0,0.0,0.0,0.0,240.0,26.0,0.0,80.0,130.0,60.0,0.0,40.0,26.0,0.0,0.0,0.0,0.0,40.0,26.0,30.0,0.0,0.0,0.0,0.0,0.0,130.0,30.0,0.0,0.0,0.0,0.0,0.0,0.0,26.0,0.0,0.0,0.0,0.0,0.0,0.0,0.0,0.0,7.0,160.0,26.0,0.0,48.0,20.0,18.0,0.0,0.0,0.0,0.0,0.0
124,Thu 3rd Aug 2017,0.0,0.0,3.0,0.0,0.0,0.0,0.0,0.0,0.0,0.0,0.0,0.0,0.0,0.0,0.0,30.0,0.0,0.0,0.0,0.0,0.0,280.0,130.0,60.0,40.0,104.0,30.0,0.0,0.0,-60.0,-26.0,-45.0,0.0,0.0,0.0,0.0,0.0,0.0,0.0,30.0,0.0,0.0,0.0,0.0,0.0,0.0,0.0,0.0,0.0,0.0,0.0,0.0,0.0,0.0,0.0,40.0,0.0,0.0,40.0,26.0,90.0,0.0,40.0,26.0,30.0,0.0,0.0,0.0,80.0,78.0,60.0,0.0,0.0,0.0,0.0,160.0,52.0,90.0,0.0,0.0,0.0,0.0,0.0,40.0,26.0,0.0,0.0,0.0,-26.0,0.0,0.0,0.0,0.0,0.0,0.0,130.0,30.0,48.0,35.0,30.0,0.0,52.0,30.0,0.0,0.0
125,Fri 4th Aug 2017,0.0,0.0,0.0,0.0,0.0,0.0,0.0,0.0,0.0,0.0,40.0,0.0,0.0,0.0,0.0,0.0,0.0,0.0,0.0,0.0,0.0,0.0,104.0,90.0,0.0,26.0,0.0,0.0,0.0,0.0,-65.0,0.0,0.0,0.0,0.0,0.0,0.0,0.0,0.0,0.0,0.0,0.0,0.0,30.0,0.0,0.0,0.0,0.0,0.0,30.0,0.0,0.0,0.0,0.0,0.0,0.0,26.0,0.0,40.0,78.0,90.0,0.0,80.0,78.0,60.0,0.0,0.0,0.0,80.0,104.0,60.0,0.0,0.0,0.0,0.0,0.0,182.0,90.0,0.0,0.0,0.0,0.0,0.0,0.0,130.0,120.0,0.0,0.0,0.0,-18.0,0.0,0.0,0.0,0.0,80.0,78.0,60.0,48.0,45.0,54.0,0.0,0.0,0.0,0.0,0.0
126,Sat 5th Aug 2017,0.0,0.0,3.0,0.0,0.0,0.0,0.0,0.0,0.0,0.0,0.0,26.0,0.0,0.0,40.0,0.0,26.0,0.0,0.0,0.0,0.0,80.0,0.0,0.0,40.0,0.0,0.0,0.0,0.0,-20.0,-26.0,-15.0,0.0,0.0,0.0,0.0,0.0,0.0,0.0,0.0,0.0,0.0,26.0,30.0,80.0,78.0,30.0,90.0,0.0,0.0,0.0,0.0,26.0,0.0,0.0,80.0,52.0,0.0,120.0,208.0,60.0,0.0,40.0,26.0,0.0,0.0,0.0,0.0,160.0,78.0,30.0,0.0,0.0,0.0,0.0,0.0,78.0,30.0,0.0,0.0,0.0,0.0,0.0,240.0,26.0,30.0,0.0,0.0,0.0,0.0,0.0,0.0,0.0,0.0,0.0,0.0,0.0,48.0,20.0,12.0,0.0,0.0,0.0,0.0,0.0
127,Sun 6th Aug 2017,10.0,0.0,0.0,0.0,0.0,0.0,0.0,0.0,0.0,0.0,0.0,0.0,0.0,0.0,0.0,0.0,0.0,30.0,40.0,26.0,0.0,0.0,0.0,0.0,0.0,26.0,30.0,0.0,0.0,-20.0,-26.0,0.0,0.0,0.0,0.0,0.0,0.0,0.0,0.0,0.0,0.0,0.0,0.0,0.0,80.0,26.0,30.0,0.0,0.0,0.0,0.0,0.0,0.0,0.0,0.0,40.0,78.0,0.0,40.0,26.0,30.0,15.0,120.0,0.0,60.0,0.0,0.0,0.0,80.0,26.0,30.0,0.0,0.0,0.0,0.0,200.0,0.0,30.0,0.0,0.0,0.0,0.0,0.0,320.0,104.0,0.0,0.0,-40.0,0.0,0.0,0.0,0.0,0.0,0.0,0.0,0.0,0.0,48.0,10.0,6.0,0.0,0.0,0.0,0.0,0.0
128,Mon 7th Aug 2017,0.0,4.0,0.0,0.0,0.0,0.0,0.0,0.0,0.0,0.0,0.0,0.0,0.0,0.0,0.0,60.0,0.0,0.0,80.0,26.0,0.0,0.0,0.0,0.0,0.0,0.0,0.0,84.0,0.0,-20.0,-39.0,-30.0,0.0,0.0,0.0,0.0,0.0,0.0,0.0,0.0,0.0,0.0,0.0,0.0,40.0,26.0,30.0,0.0,0.0,0.0,0.0,0.0,0.0,0.0,0.0,120.0,52.0,120.0,0.0,0.0,30.0,5.0,0.0,78.0,0.0,0.0,0.0,0.0,0.0,26.0,30.0,0.0,0.0,0.0,0.0,0.0,78.0,30.0,0.0,0.0,0.0,0.0,0.0,120.0,78.0,90.0,0.0,0.0,0.0,0.0,0.0,0.0,0.0,0.0,0.0,0.0,30.0,64.0,30.0,12.0,0.0,0.0,0.0,0.0,0.0
129,Tue 8th Aug 2017,0.0,0.0,0.0,0.0,0.0,0.0,0.0,0.0,0.0,0.0,0.0,26.0,30.0,0.0,0.0,30.0,0.0,60.0,80.0,26.0,0.0,0.0,0.0,30.0,0.0,26.0,0.0,0.0,0.0,0.0,-13.0,-30.0,0.0,0.0,0.0,0.0,0.0,0.0,26.0,0.0,0.0,0.0,26.0,0.0,0.0,52.0,60.0,90.0,0.0,30.0,0.0,0.0,0.0,60.0,0.0,119.16667,26.0,0.0,0.0,26.0,0.0,0.0,0.0,26.0,60.0,0.0,0.0,0.0,120.0,26.0,60.0,0.0,0.0,0.0,0.0,160.0,234.0,30.0,0.0,0.0,0.0,0.0,0.0,80.0,52.0,0.0,0.0,0.0,0.0,0.0,0.0,0.0,0.0,0.0,0.0,0.0,0.0,87.83333,15.0,36.0,0.0,26.0,0.0,0.0,0.0
130,Wed 9th Aug 2017,0.0,4.0,6.0,0.0,0.0,0.0,0.0,0.0,0.0,0.0,0.0,0.0,0.0,0.0,0.0,0.0,26.0,30.0,0.0,130.0,0.0,0.0,0.0,0.0,0.0,0.0,0.0,0.0,0.0,0.0,-13.0,0.0,0.0,0.0,0.0,0.0,0.0,0.0,26.0,30.0,0.0,0.0,0.0,0.0,0.0,52.0,30.0,0.0,34.0,0.0,0.0,0.0,0.0,0.0,0.0,80.0,26.0,30.0,0.0,26.0,0.0,0.0,0.0,0.0,0.0,0.0,0.0,0.0,0.0,52.0,60.0,0.0,0.0,0.0,0.0,0.0,52.0,0.0,0.0,0.0,0.0,0.0,0.0,0.0,26.0,0.0,0.0,0.0,0.0,0.0,0.0,0.0,0.0,0.0,0.0,0.0,0.0,0.0,45.0,24.0,0.0,0.0,0.0,0.0,0.0
131,Thu 10th Aug 2017,0.0,0.0,0.0,0.0,0.0,0.0,0.0,0.0,0.0,0.0,0.0,0.0,0.0,0.0,0.0,0.0,0.0,0.0,0.0,52.0,24.0,40.0,0.0,0.0,0.0,0.0,0.0,0.0,0.0,0.0,-39.0,0.0,0.0,0.0,0.0,0.0,0.0,0.0,0.0,0.0,0.0,0.0,52.0,0.0,40.0,104.0,30.0,0.0,0.0,0.0,0.0,0.0,0.0,0.0,0.0,40.0,104.0,0.0,0.0,78.0,30.0,80.0,40.0,52.0,30.0,0.0,0.0,0.0,0.0,52.0,30.0,0.0,0.0,0.0,0.0,0.0,104.0,0.0,0.0,0.0,0.0,0.0,0.0,0.0,26.0,30.0,0.0,0.0,0.0,0.0,0.0,0.0,0.0,0.0,40.0,26.0,0.0,0.0,50.0,18.0,0.0,0.0,0.0,0.0,0.0
132,Fri 11th Aug 2017,0.0,0.0,6.0,0.0,0.0,0.0,0.0,0.0,0.0,0.0,0.0,26.0,0.0,0.0,0.0,0.0,52.0,30.0,40.0,104.0,24.0,0.0,26.0,0.0,0.0,0.0,30.0,0.0,0.0,0.0,-13.0,0.0,0.0,0.0,0.0,0.0,0.0,0.0,0.0,0.0,0.0,0.0,0.0,0.0,0.0,78.0,0.0,0.0,0.0,0.0,0.0,0.0,0.0,0.0,0.0,0.0,182.0,90.0,40.0,130.0,0.0,0.0,0.0,78.0,0.0,0.0,0.0,0.0,0.0,26.0,0.0,0.0,0.0,0.0,-66.0,0.0,208.0,0.0,0.0,0.0,0.0,0.0,-78.0,40.0,104.0,0.0,0.0,0.0,0.0,0.0,0.0,0.0,0.0,0.0,0.0,0.0,0.0,24.0,30.0,18.0,0.0,26.0,0.0,0.0,0.0
133,Sat 12th Aug 2017,0.0,0.0,0.0,0.0,0.0,0.0,0.0,0.0,0.0,0.0,80.0,0.0,0.0,0.0,0.0,0.0,0.0,30.0,120.0,52.0,0.0,40.0,0.0,0.0,40.0,0.0,0.0,0.0,0.0,-40.0,-13.0,0.0,0.0,0.0,0.0,0.0,0.0,0.0,0.0,0.0,0.0,0.0,26.0,0.0,80.0,26.0,30.0,0.0,34.0,0.0,0.0,0.0,0.0,0.0,0.0,160.0,130.0,30.0,80.0,78.0,30.0,0.0,120.0,26.0,30.0,0.0,0.0,0.0,120.0,52.0,0.0,0.0,0.0,0.0,0.0,120.0,26.0,0.0,0.0,0.0,0.0,0.0,0.0,0.0,26.0,60.0,0.0,-40.0,0.0,-30.0,0.0,0.0,0.0,0.0,40.0,0.0,0.0,32.0,25.0,18.0,0.0,0.0,0.0,0.0,0.0
134,Sun 13th Aug 2017,0.0,0.0,0.0,0.0,0.0,0.0,0.0,0.0,0.0,0.0,0.0,0.0,0.0,0.0,40.0,0.0,0.0,0.0,0.0,52.0,0.0,0.0,0.0,0.0,0.0,0.0,30.0,0.0,0.0,0.0,-52.0,0.0,0.0,0.0,0.0,0.0,0.0,0.0,0.0,0.0,0.0,0.0,0.0,0.0,0.0,26.0,0.0,0.0,0.0,0.0,0.0,0.0,0.0,0.0,0.0,120.0,104.0,0.0,40.0,52.0,0.0,0.0,40.0,0.0,0.0,0.0,0.0,0.0,0.0,26.0,0.0,0.0,0.0,0.0,0.0,40.0,78.0,0.0,0.0,0.0,0.0,0.0,0.0,40.0,104.0,30.0,0.0,0.0,-26.0,0.0,0.0,0.0,0.0,0.0,0.0,26.0,0.0,32.0,20.0,6.0,0.0,0.0,0.0,0.0,0.0
135,Mon 14th Aug 2017,0.0,0.0,0.0,0.0,0.0,0.0,0.0,0.0,0.0,0.0,0.0,0.0,0.0,0.0,40.0,30.0,104.0,30.0,0.0,26.0,0.0,40.0,26.0,0.0,0.0,52.0,0.0,0.0,0.0,0.0,-13.0,0.0,0.0,0.0,0.0,0.0,0.0,0.0,0.0,0.0,0.0,80.0,52.0,0.0,40.0,0.0,0.0,0.0,0.0,0.0,0.0,0.0,26.0,60.0,0.0,40.0,0.0,60.0,40.0,0.0,60.0,0.0,0.0,0.0,0.0,0.0,0.0,0.0,40.0,26.0,30.0,0.0,0.0,0.0,-6.0,40.0,78.0,0.0,0.0,0.0,0.0,0.0,0.0,40.0,52.0,0.0,0.0,0.0,0.0,0.0,0.0,0.0,0.0,0.0,0.0,0.0,0.0,24.0,30.0,18.0,0.0,26.0,0.0,0.0,0.0
136,Tue 15th Aug 2017,0.0,0.0,0.0,0.0,0.0,0.0,0.0,0.0,0.0,0.0,0.0,52.0,0.0,0.0,40.0,0.0,26.0,0.0,40.0,0.0,0.0,40.0,52.0,0.0,0.0,0.0,0.0,0.0,0.0,-40.0,-39.0,-15.0,0.0,0.0,0.0,0.0,0.0,0.0,0.0,0.0,0.0,40.0,0.0,0.0,0.0,130.0,0.0,0.0,0.0,0.0,0.0,40.0,130.0,60.0,0.0,80.0,78.0,150.0,80.0,156.0,30.0,0.0,0.0,0.0,0.0,0.0,0.0,0.0,0.0,0.0,0.0,0.0,26.0,0.0,0.0,40.0,78.0,60.0,0.0,0.0,0.0,0.0,0.0,0.0,26.0,60.0,0.0,0.0,0.0,0.0,0.0,0.0,0.0,0.0,0.0,0.0,60.0,16.0,35.0,18.0,0.0,0.0,0.0,0.0,0.0
137,Wed 16th Aug 2017,0.0,0.0,0.0,0.0,0.0,0.0,0.0,0.0,0.0,0.0,0.0,0.0,0.0,0.0,40.0,0.0,26.0,30.0,0.0,0.0,0.0,0.0,0.0,0.0,0.0,0.0,0.0,0.0,0.0,-20.0,-13.0,-15.0,0.0,0.0,0.0,0.0,0.0,0.0,0.0,0.0,0.0,40.0,26.0,0.0,40.0,0.0,30.0,0.0,0.0,0.0,0.0,40.0,26.0,90.0,0.0,0.0,104.0,90.0,40.0,78.0,90.0,0.0,0.0,0.0,0.0,0.0,0.0,0.0,0.0,0.0,0.0,0.0,0.0,0.0,0.0,80.0,104.0,60.0,0.0,0.0,0.0,0.0,0.0,0.0,0.0,0.0,0.0,0.0,0.0,0.0,0.0,0.0,0.0,0.0,40.0,26.0,0.0,176.0,20.0,36.0,0.0,0.0,30.0,0.0,0.0
138,Thu 17th Aug 2017,0.0,0.0,0.0,0.0,0.0,0.0,0.0,0.0,0.0,0.0,0.0,0.0,0.0,0.0,0.0,30.0,52.0,0.0,40.0,0.0,0.0,0.0,0.0,60.0,0.0,0.0,30.0,0.0,0.0,0.0,-13.0,0.0,0.0,0.0,0.0,0.0,0.0,0.0,0.0,0.0,0.0,0.0,26.0,30.0,40.0,0.0,0.0,0.0,0.0,30.0,0.0,0.0,26.0,30.0,0.0,80.0,104.0,90.0,80.0,78.0,30.0,0.0,0.0,0.0,0.0,0.0,0.0,0.0,0.0,26.0,0.0,0.0,0.0,0.0,-6.0,120.0,208.0,60.0,0.0,0.0,0.0,0.0,0.0,40.0,0.0,0.0,0.0,-40.0,0.0,0.0,0.0,0.0,0.0,0.0,40.0,0.0,0.0,32.0,55.0,30.0,0.0,0.0,0.0,0.0,0.0
139,Fri 18th Aug 2017,0.0,0.0,0.0,0.0,0.0,0.0,0.0,0.0,0.0,0.0,0.0,0.0,30.0,0.0,0.0,60.0,78.0,30.0,40.0,26.0,12.0,0.0,0.0,0.0,0.0,26.0,30.0,0.0,0.0,0.0,-39.0,-30.0,0.0,0.0,0.0,0.0,0.0,0.0,0.0,0.0,0.0,0.0,52.0,30.0,0.0,26.0,120.0,0.0,136.0,0.0,0.0,0.0,0.0,0.0,0.0,40.0,104.0,120.0,40.0,52.0,90.0,0.0,0.0,0.0,0.0,0.0,0.0,0.0,0.0,26.0,0.0,0.0,0.0,30.0,0.0,0.0,78.0,30.0,0.0,0.0,0.0,0.0,0.0,80.0,52.0,30.0,0.0,0.0,0.0,0.0,0.0,0.0,0.0,0.0,0.0,0.0,0.0,24.0,30.0,18.0,0.0,0.0,0.0,0.0,0.0
140,Sat 19th Aug 2017,0.0,0.0,0.0,0.0,0.0,0.0,0.0,0.0,0.0,0.0,0.0,26.0,0.0,0.0,80.0,30.0,104.0,0.0,0.0,26.0,0.0,40.0,52.0,30.0,40.0,26.0,30.0,0.0,0.0,-40.0,-91.0,-30.0,0.0,0.0,0.0,0.0,0.0,0.0,0.0,0.0,0.0,0.0,0.0,30.0,160.0,52.0,90.0,0.0,0.0,0.0,0.0,160.0,260.0,30.0,0.0,160.0,234.0,120.0,0.0,0.0,0.0,0.0,40.0,78.0,90.0,0.0,0.0,0.0,80.0,0.0,60.0,40.0,0.0,0.0,0.0,0.0,52.0,0.0,0.0,0.0,0.0,0.0,0.0,240.0,78.0,60.0,0.0,0.0,0.0,0.0,0.0,0.0,0.0,0.0,0.0,52.0,0.0,48.0,20.0,18.0,0.0,52.0,30.0,0.0,0.0
141,Sun 20th Aug 2017,0.0,0.0,3.0,0.0,0.0,0.0,0.0,0.0,0.0,0.0,0.0,26.0,0.0,0.0,0.0,0.0,26.0,0.0,0.0,0.0,0.0,0.0,78.0,0.0,80.0,0.0,0.0,0.0,0.0,-20.0,0.0,0.0,0.0,0.0,0.0,0.0,0.0,0.0,0.0,0.0,0.0,0.0,26.0,0.0,0.0,0.0,0.0,0.0,0.0,0.0,0.0,40.0,104.0,0.0,0.0,200.0,52.0,0.0,0.0,0.0,0.0,0.0,0.0,52.0,0.0,0.0,0.0,0.0,80.0,26.0,30.0,0.0,0.0,0.0,0.0,40.0,0.0,0.0,0.0,0.0,0.0,0.0,0.0,80.0,130.0,0.0,0.0,-40.0,0.0,0.0,0.0,0.0,0.0,0.0,0.0,0.0,0.0,32.0,5.0,0.0,0.0,0.0,0.0,0.0,0.0
142,Mon 21st Aug 2017,0.0,0.0,0.0,0.0,0.0,0.0,0.0,0.0,0.0,0.0,80.0,52.0,30.0,0.0,0.0,30.0,0.0,120.0,40.0,26.0,0.0,0.0,26.0,30.0,120.0,52.0,0.0,0.0,0.0,0.0,-13.0,-30.0,0.0,0.0,0.0,0.0,0.0,0.0,0.0,0.0,0.0,40.0,52.0,0.0,0.0,0.0,0.0,0.0,0.0,0.0,0.0,0.0,78.0,60.0,0.0,40.0,0.0,30.0,0.0,0.0,0.0,0.0,0.0,0.0,90.0,0.0,0.0,0.0,40.0,52.0,0.0,0.0,26.0,0.0,0.0,0.0,52.0,0.0,0.0,0.0,0.0,0.0,-26.0,0.0,0.0,30.0,0.0,0.0,0.0,0.0,0.0,0.0,0.0,0.0,0.0,26.0,0.0,24.0,5.0,18.0,0.0,26.0,0.0,0.0,0.0
143,Tue 22nd Aug 2017,0.0,0.0,3.0,0.0,0.0,0.0,0.0,0.0,0.0,0.0,0.0,104.0,30.0,0.0,80.0,60.0,0.0,0.0,0.0,0.0,0.0,40.0,0.0,30.0,40.0,78.0,30.0,0.0,0.0,-20.0,-13.0,-15.0,0.0,0.0,0.0,0.0,0.0,0.0,0.0,0.0,0.0,40.0,26.0,0.0,0.0,26.0,0.0,0.0,0.0,0.0,0.0,0.0,78.0,30.0,0.0,160.0,104.0,30.0,0.0,0.0,0.0,0.0,0.0,26.0,60.0,0.0,0.0,0.0,40.0,0.0,30.0,40.0,0.0,0.0,0.0,0.0,0.0,0.0,0.0,0.0,0.0,0.0,0.0,40.0,26.0,30.0,0.0,0.0,0.0,0.0,0.0,0.0,0.0,0.0,0.0,0.0,0.0,16.0,45.0,12.0,0.0,0.0,0.0,0.0,0.0
144,Wed 23rd Aug 2017,0.0,0.0,0.0,0.0,0.0,0.0,0.0,0.0,0.0,0.0,0.0,0.0,0.0,0.0,0.0,0.0,0.0,0.0,0.0,0.0,0.0,0.0,0.0,0.0,0.0,0.0,0.0,0.0,0.0,0.0,0.0,0.0,0.0,0.0,0.0,0.0,0.0,0.0,0.0,0.0,0.0,0.0,0.0,0.0,0.0,0.0,0.0,0.0,0.0,0.0,0.0,0.0,0.0,0.0,0.0,0.0,0.0,0.0,0.0,0.0,0.0,0.0,0.0,0.0,0.0,0.0,0.0,0.0,0.0,0.0,0.0,0.0,0.0,0.0,0.0,0.0,0.0,0.0,0.0,0.0,0.0,0.0,0.0,0.0,0.0,0.0,0.0,0.0,0.0,0.0,0.0,0.0,0.0,0.0,0.0,0.0,0.0,0.0,0.0,0.0,0.0,0.0,0.0,0.0,0.0
145,Thu 24th Aug 2017,0.0,0.0,0.0,0.0,0.0,0.0,0.0,0.0,0.0,0.0,0.0,104.0,30.0,0.0,0.0,60.0,52.0,30.0,0.0,0.0,12.0,40.0,0.0,0.0,0.0,52.0,0.0,0.0,0.0,0.0,-26.0,-30.0,0.0,0.0,0.0,0.0,0.0,0.0,0.0,0.0,0.0,0.0,0.0,0.0,0.0,0.0,0.0,0.0,0.0,60.0,0.0,0.0,0.0,30.0,0.0,40.0,78.0,60.0,0.0,0.0,0.0,0.0,40.0,52.0,60.0,0.0,0.0,0.0,40.0,52.0,30.0,0.0,0.0,0.0,-6.0,0.0,0.0,30.0,0.0,0.0,0.0,0.0,0.0,0.0,26.0,90.0,0.0,0.0,0.0,0.0,0.0,0.0,0.0,0.0,0.0,0.0,0.0,8.0,25.0,24.0,0.0,0.0,0.0,0.0,0.0
146,Fri 25th Aug 2017,0.0,0.0,0.0,0.0,0.0,0.0,0.0,0.0,0.0,0.0,80.0,52.0,30.0,0.0,80.0,0.0,26.0,0.0,40.0,26.0,0.0,40.0,52.0,0.0,80.0,78.0,30.0,0.0,0.0,-20.0,-26.0,0.0,0.0,0.0,0.0,0.0,0.0,0.0,0.0,0.0,0.0,0.0,26.0,0.0,0.0,52.0,0.0,0.0,0.0,30.0,0.0,40.0,0.0,60.0,0.0,120.0,182.0,60.0,0.0,52.0,0.0,14.0,40.0,26.0,30.0,0.0,0.0,0.0,0.0,156.0,0.0,0.0,0.0,0.0,0.0,0.0,52.0,0.0,0.0,0.0,0.0,0.0,-26.0,40.0,208.0,0.0,0.0,0.0,0.0,-30.0,0.0,0.0,0.0,0.0,0.0,0.0,60.0,40.0,20.0,6.0,0.0,26.0,0.0,0.0,0.0
147,Sat 26th Aug 2017,0.0,0.0,0.0,0.0,0.0,0.0,0.0,0.0,0.0,0.0,0.0,78.0,30.0,0.0,80.0,0.0,26.0,0.0,0.0,0.0,0.0,0.0,0.0,60.0,40.0,52.0,30.0,0.0,0.0,-20.0,-13.0,-30.0,0.0,0.0,0.0,0.0,0.0,0.0,0.0,0.0,0.0,0.0,26.0,0.0,0.0,26.0,0.0,0.0,0.0,0.0,0.0,0.0,52.0,0.0,0.0,120.0,0.0,210.0,0.0,26.0,0.0,13.0,0.0,26.0,90.0,0.0,0.0,0.0,0.0,0.0,0.0,0.0,0.0,0.0,-12.0,40.0,0.0,0.0,0.0,0.0,0.0,0.0,0.0,0.0,52.0,60.0,0.0,0.0,0.0,0.0,0.0,0.0,0.0,0.0,0.0,0.0,30.0,16.0,15.0,6.0,0.0,0.0,0.0,0.0,0.0
148,Sun 27th Aug 2017,0.0,0.0,0.0,0.0,0.0,0.0,0.0,0.0,0.0,0.0,0.0,0.0,0.0,0.0,0.0,0.0,0.0,0.0,0.0,0.0,0.0,0.0,0.0,0.0,0.0,0.0,0.0,0.0,0.0,0.0,0.0,0.0,0.0,0.0,0.0,0.0,0.0,0.0,0.0,0.0,0.0,0.0,0.0,0.0,0.0,0.0,0.0,0.0,0.0,0.0,0.0,0.0,0.0,0.0,0.0,0.0,0.0,0.0,0.0,0.0,0.0,0.0,0.0,0.0,0.0,0.0,0.0,0.0,0.0,0.0,0.0,0.0,0.0,0.0,0.0,0.0,0.0,0.0,0.0,0.0,0.0,0.0,0.0,0.0,0.0,0.0,0.0,0.0,0.0,0.0,0.0,0.0,0.0,0.0,0.0,0.0,0.0,0.0,0.0,0.0,0.0,0.0,0.0,0.0,0.0
149,Mon 28th Aug 2017,0.0,0.0,15.0,0.0,0.0,0.0,0.0,0.0,0.0,0.0,0.0,52.0,0.0,0.0,0.0,0.0,26.0,0.0,0.0,26.0,0.0,0.0,0.0,0.0,0.0,52.0,60.0,0.0,0.0,-20.0,-13.0,0.0,0.0,0.0,0.0,0.0,0.0,0.0,0.0,0.0,0.0,40.0,52.0,0.0,40.0,78.0,0.0,0.0,0.0,30.0,0.0,40.0,52.0,0.0,0.0,40.0,130.0,0.0,0.0,104.0,0.0,0.0,0.0,0.0,0.0,0.0,0.0,0.0,0.0,52.0,0.0,0.0,0.0,0.0,0.0,0.0,78.0,30.0,0.0,0.0,0.0,0.0,0.0,0.0,0.0,0.0,0.0,0.0,0.0,0.0,0.0,0.0,0.0,0.0,0.0,0.0,0.0,8.0,30.0,0.0,0.0,0.0,0.0,0.0,0.0
150,Tue 29th Aug 2017,0.0,0.0,3.0,0.0,0.0,0.0,0.0,0.0,0.0,0.0,0.0,26.0,120.0,0.0,0.0,30.0,52.0,0.0,0.0,26.0,0.0,40.0,52.0,0.0,0.0,0.0,30.0,0.0,0.0,0.0,-26.0,-15.0,0.0,0.0,0.0,0.0,0.0,0.0,0.0,0.0,0.0,0.0,26.0,30.0,0.0,0.0,0.0,0.0,0.0,0.0,0.0,0.0,0.0,0.0,0.0,0.0,104.0,30.0,0.0,52.0,30.0,0.0,0.0,78.0,90.0,0.0,0.0,0.0,0.0,52.0,0.0,0.0,0.0,0.0,-6.0,80.0,26.0,0.0,0.0,0.0,0.0,0.0,0.0,40.0,78.0,60.0,0.0,0.0,0.0,-30.0,0.0,0.0,0.0,7.0,0.0,52.0,30.0,0.0,30.0,30.0,0.0,0.0,30.0,0.0,0.0
151,Wed 30th Aug 2017,0.0,0.0,3.0,0.0,0.0,0.0,0.0,0.0,0.0,0.0,0.0,26.0,0.0,0.0,40.0,0.0,104.0,0.0,0.0,0.0,0.0,0.0,52.0,30.0,0.0,52.0,30.0,0.0,0.0,-20.0,-13.0,0.0,0.0,0.0,0.0,-26.0,0.0,0.0,0.0,0.0,0.0,0.0,52.0,0.0,0.0,52.0,0.0,0.0,0.0,30.0,0.0,0.0,0.0,0.0,0.0,80.0,26.0,0.0,0.0,52.0,60.0,0.0,40.0,52.0,0.0,0.0,0.0,0.0,0.0,26.0,0.0,0.0,26.0,0.0,-6.0,0.0,104.0,30.0,0.0,0.0,0.0,0.0,0.0,40.0,104.0,30.0,0.0,0.0,-26.0,0.0,0.0,0.0,0.0,0.0,0.0,26.0,0.0,32.0,30.0,6.0,0.0,0.0,0.0,0.0,0.0
152,Thu 31st Aug 2017,0.0,0.0,0.0,0.0,0.0,0.0,0.0,0.0,0.0,0.0,0.0,104.0,30.0,0.0,0.0,0.0,26.0,0.0,0.0,0.0,0.0,0.0,78.0,30.0,0.0,78.0,0.0,0.0,0.0,0.0,-26.0,0.0,0.0,0.0,0.0,-26.0,0.0,0.0,0.0,0.0,0.0,0.0,52.0,0.0,0.0,26.0,90.0,0.0,0.0,0.0,0.0,0.0,0.0,0.0,0.0,0.0,52.0,0.0,0.0,182.0,60.0,0.0,0.0,52.0,60.0,0.0,0.0,0.0,0.0,78.0,0.0,0.0,0.0,0.0,0.0,0.0,26.0,30.0,0.0,0.0,0.0,0.0,0.0,40.0,0.0,0.0,0.0,0.0,0.0,0.0,0.0,0.0,0.0,7.0,0.0,0.0,0.0,24.0,45.0,30.0,0.0,26.0,30.0,0.0,0.0
153,Fri 1st Sep 2017,0.0,4.0,0.0,0.0,0.0,0.0,0.0,0.0,0.0,0.0,0.0,260.0,30.0,0.0,0.0,30.0,52.0,0.0,0.0,0.0,0.0,0.0,104.0,30.0,40.0,130.0,0.0,0.0,0.0,0.0,-52.0,0.0,0.0,0.0,0.0,-52.0,0.0,0.0,0.0,0.0,0.0,40.0,260.0,0.0,0.0,52.0,0.0,0.0,0.0,30.0,0.0,0.0,26.0,0.0,0.0,0.0,78.0,30.0,0.0,156.0,0.0,0.0,0.0,78.0,30.0,0.0,0.0,0.0,0.0,52.0,0.0,0.0,0.0,30.0,-24.0,0.0,104.0,30.0,0.0,0.0,0.0,0.0,0.0,0.0,26.0,30.0,0.0,0.0,0.0,0.0,0.0,0.0,0.0,0.0,0.0,26.0,0.0,8.0,65.0,42.0,0.0,0.0,0.0,0.0,0.0
154,Sat 2nd Sep 2017,0.0,0.0,0.0,0.0,0.0,0.0,0.0,0.0,0.0,0.0,0.0,78.0,0.0,0.0,40.0,0.0,26.0,0.0,40.0,0.0,0.0,80.0,52.0,30.0,0.0,26.0,0.0,0.0,0.0,0.0,-26.0,0.0,0.0,0.0,0.0,-52.0,0.0,0.0,0.0,0.0,0.0,0.0,130.0,30.0,0.0,0.0,0.0,0.0,0.0,0.0,0.0,0.0,0.0,0.0,0.0,40.0,26.0,30.0,0.0,156.0,0.0,0.0,0.0,104.0,30.0,0.0,0.0,0.0,40.0,0.0,0.0,40.0,26.0,0.0,0.0,40.0,104.0,30.0,0.0,0.0,0.0,0.0,0.0,80.0,26.0,30.0,0.0,0.0,-26.0,0.0,0.0,0.0,0.0,0.0,0.0,0.0,30.0,0.0,25.0,0.0,0.0,0.0,0.0,0.0,0.0
155,Sun 3rd Sep 2017,0.0,0.0,0.0,0.0,0.0,0.0,0.0,0.0,0.0,0.0,0.0,0.0,0.0,0.0,40.0,0.0,26.0,0.0,0.0,0.0,0.0,160.0,52.0,0.0,0.0,0.0,0.0,0.0,0.0,0.0,0.0,0.0,0.0,0.0,0.0,0.0,0.0,0.0,0.0,0.0,0.0,40.0,0.0,0.0,0.0,0.0,0.0,0.0,0.0,0.0,0.0,0.0,0.0,0.0,0.0,40.0,0.0,0.0,0.0,26.0,0.0,0.0,80.0,0.0,0.0,0.0,0.0,0.0,40.0,26.0,0.0,0.0,0.0,0.0,0.0,40.0,26.0,0.0,0.0,0.0,0.0,0.0,0.0,0.0,0.0,0.0,0.0,-40.0,0.0,0.0,0.0,0.0,0.0,7.0,0.0,26.0,0.0,32.0,5.0,0.0,0.0,0.0,0.0,0.0,0.0
156,Mon 4th Sep 2017,0.0,0.0,9.0,0.0,0.0,-5.0,0.0,0.0,0.0,0.0,0.0,104.0,0.0,0.0,0.0,30.0,26.0,0.0,0.0,26.0,0.0,40.0,130.0,30.0,0.0,78.0,0.0,0.0,0.0,-20.0,-52.0,-30.0,0.0,0.0,0.0,0.0,0.0,0.0,0.0,0.0,0.0,0.0,208.0,30.0,0.0,26.0,0.0,0.0,0.0,30.0,0.0,0.0,26.0,0.0,0.0,0.0,26.0,30.0,0.0,156.0,30.0,0.0,0.0,78.0,0.0,0.0,0.0,0.0,0.0,0.0,0.0,0.0,26.0,0.0,-18.0,40.0,260.0,90.0,0.0,0.0,0.0,0.0,0.0,0.0,52.0,0.0,0.0,0.0,-26.0,0.0,0.0,0.0,0.0,0.0,0.0,0.0,0.0,0.0,55.0,12.0,0.0,0.0,0.0,0.0,0.0
157,Tue 5th Sep 2017,0.0,0.0,3.0,0.0,0.0,-5.0,0.0,78.0,30.0,0.0,0.0,78.0,0.0,0.0,0.0,0.0,234.0,0.0,0.0,0.0,0.0,0.0,182.0,60.0,0.0,52.0,0.0,0.0,0.0,0.0,-104.0,0.0,0.0,0.0,0.0,0.0,0.0,0.0,0.0,0.0,0.0,40.0,182.0,0.0,0.0,0.0,0.0,0.0,0.0,150.0,0.0,0.0,26.0,0.0,0.0,0.0,0.0,0.0,0.0,156.0,90.0,0.0,0.0,26.0,0.0,52.0,0.0,0.0,0.0,78.0,0.0,0.0,0.0,0.0,-12.0,0.0,520.0,60.0,0.0,0.0,0.0,0.0,0.0,0.0,26.0,0.0,0.0,0.0,0.0,0.0,0.0,0.0,0.0,0.0,0.0,0.0,0.0,0.0,130.0,36.0,0.0,78.0,0.0,0.0,0.0
158,Wed 6th Sep 2017,0.0,0.0,6.0,0.0,0.0,0.0,0.0,26.0,0.0,0.0,0.0,26.0,30.0,0.0,0.0,60.0,104.0,0.0,0.0,26.0,0.0,0.0,286.0,30.0,0.0,52.0,0.0,0.0,0.0,0.0,-52.0,0.0,0.0,0.0,0.0,0.0,0.0,0.0,0.0,0.0,0.0,0.0,130.0,90.0,0.0,130.0,0.0,0.0,0.0,90.0,0.0,0.0,0.0,0.0,0.0,0.0,52.0,0.0,0.0,260.0,30.0,0.0,0.0,0.0,0.0,0.0,0.0,0.0,0.0,52.0,30.0,0.0,26.0,0.0,-6.0,0.0,286.0,0.0,0.0,0.0,0.0,0.0,0.0,0.0,52.0,30.0,0.0,0.0,-26.0,-30.0,0.0,0.0,0.0,0.0,0.0,0.0,0.0,0.0,80.0,12.0,0.0,78.0,0.0,0.0,-26.0
159,Thu 7th Sep 2017,0.0,0.0,6.0,0.0,16.0,0.0,40.0,52.0,0.0,0.0,40.0,156.0,0.0,0.0,0.0,0.0,104.0,30.0,0.0,26.0,0.0,0.0,156.0,30.0,0.0,0.0,0.0,0.0,0.0,-20.0,-13.0,0.0,0.0,0.0,0.0,-26.0,0.0,0.0,0.0,0.0,0.0,0.0,51.16667,0.0,0.0,104.0,0.0,0.0,0.0,120.0,0.0,0.0,52.0,0.0,0.0,0.0,129.16667,30.0,0.0,26.0,0.0,0.0,0.0,25.16667,0.0,0.0,0.0,0.0,0.0,130.0,30.0,0.0,26.0,0.0,-6.0,0.0,77.16667,0.0,0.0,0.0,0.0,0.0,0.0,0.0,78.0,30.0,0.0,0.0,-26.0,0.0,0.0,0.0,0.0,0.0,0.0,51.16667,0.0,8.0,45.0,18.0,80.0,25.16667,0.0,0.0,0.0
160,Fri 8th Sep 2017,0.0,0.0,6.0,0.0,0.0,-5.0,0.0,78.0,0.0,0.0,0.0,130.0,90.0,0.0,0.0,60.0,156.0,30.0,0.0,130.0,0.0,0.0,78.0,30.0,0.0,52.0,0.0,0.0,0.0,0.0,-39.0,-75.0,0.0,0.0,0.0,0.0,0.0,0.0,0.0,0.0,0.0,0.0,0.0,0.0,0.0,234.0,0.0,0.0,0.0,30.0,0.0,0.0,0.0,0.0,0.0,0.0,52.0,0.0,0.0,52.0,0.0,0.0,0.0,0.0,0.0,0.0,0.0,0.0,0.0,26.0,0.0,0.0,52.0,0.0,-6.0,0.0,78.0,30.0,0.0,0.0,0.0,0.0,0.0,0.0,130.0,150.0,0.0,0.0,-26.0,0.0,0.0,0.0,0.0,14.0,0.0,104.0,0.0,0.0,80.0,36.0,0.0,78.0,180.0,0.0,0.0
161,Sat 9th Sep 2017,5.0,0.0,0.0,0.0,0.0,0.0,0.0,104.0,0.0,0.0,80.0,78.0,0.0,0.0,80.0,90.0,130.0,0.0,0.0,104.0,0.0,0.0,52.0,30.0,0.0,26.0,30.0,0.0,0.0,0.0,-65.0,0.0,0.0,0.0,0.0,0.0,0.0,0.0,0.0,0.0,0.0,80.0,78.0,0.0,120.0,208.0,90.0,0.0,0.0,60.0,0.0,0.0,75.50001,30.0,0.0,0.0,50.33334,0.0,0.0,52.0,0.0,0.0,0.0,26.0,30.0,0.0,0.0,0.0,0.0,52.0,60.0,0.0,0.0,60.0,0.0,40.0,78.0,0.0,0.0,0.0,0.0,0.0,0.0,160.0,155.16667,30.0,0.0,0.0,0.0,-30.0,0.0,0.0,0.0,0.0,0.0,26.0,30.0,40.0,45.0,6.0,40.0,0.0,60.0,0.0,0.0
162,Sun 10th Sep 2017,0.0,0.0,0.0,0.0,0.0,0.0,0.0,26.0,0.0,0.0,80.0,104.0,0.0,0.0,0.0,30.0,26.0,0.0,0.0,26.0,0.0,0.0,26.0,0.0,0.0,0.0,0.0,0.0,0.0,-20.0,-26.0,0.0,0.0,0.0,0.0,0.0,0.0,0.0,0.0,0.0,0.0,0.0,0.0,0.0,0.0,104.0,30.0,0.0,0.0,0.0,0.0,0.0,0.0,0.0,0.0,0.0,26.0,0.0,0.0,0.0,0.0,12.0,0.0,26.0,0.0,0.0,0.0,0.0,0.0,52.0,0.0,0.0,0.0,0.0,0.0,0.0,0.0,0.0,0.0,0.0,0.0,0.0,0.0,40.0,52.0,60.0,0.0,0.0,0.0,-30.0,0.0,0.0,0.0,0.0,0.0,0.0,0.0,8.0,55.0,12.0,40.0,26.0,30.0,0.0,0.0
163,Mon 11th Sep 2017,0.0,0.0,3.0,0.0,0.0,0.0,0.0,78.0,0.0,0.0,0.0,78.0,0.0,0.0,0.0,0.0,260.0,0.0,0.0,26.0,0.0,0.0,78.0,0.0,0.0,0.0,0.0,0.0,0.0,0.0,-52.0,0.0,0.0,0.0,0.0,-26.0,0.0,0.0,0.0,0.0,0.0,40.0,104.0,30.0,80.0,208.0,0.0,0.0,0.0,60.0,0.0,0.0,0.0,0.0,0.0,80.0,26.0,0.0,0.0,52.0,0.0,0.0,0.0,0.0,0.0,0.0,0.0,0.0,0.0,26.0,0.0,0.0,0.0,0.0,-30.0,0.0,0.0,0.0,0.0,0.0,0.0,0.0,0.0,0.0,156.0,0.0,0.0,0.0,0.0,0.0,0.0,0.0,0.0,0.0,40.0,26.0,0.0,8.0,60.0,0.0,0.0,78.0,0.0,0.0,0.0
164,Tue 12th Sep 2017,0.0,0.0,0.0,0.0,0.0,0.0,0.0,26.0,30.0,0.0,0.0,104.0,0.0,0.0,0.0,0.0,130.0,0.0,0.0,78.0,36.0,0.0,78.0,30.0,0.0,0.0,30.0,0.0,0.0,0.0,-91.0,-15.0,0.0,0.0,0.0,0.0,0.0,0.0,0.0,0.0,0.0,0.0,26.0,0.0,40.0,130.0,30.0,0.0,0.0,60.0,0.0,0.0,0.0,0.0,0.0,0.0,0.0,0.0,0.0,52.0,0.0,0.0,0.0,26.0,0.0,0.0,0.0,0.0,0.0,52.0,0.0,0.0,0.0,0.0,-6.0,0.0,0.0,0.0,0.0,0.0,0.0,0.0,0.0,0.0,338.0,30.0,0.0,0.0,0.0,0.0,0.0,0.0,0.0,0.0,0.0,0.0,0.0,8.0,65.0,6.0,0.0,78.0,0.0,0.0,0.0
165,Wed 13th Sep 2017,0.0,0.0,0.0,0.0,0.0,0.0,40.0,26.0,0.0,0.0,0.0,156.0,90.0,0.0,0.0,30.0,78.0,30.0,0.0,52.0,22.0,0.0,78.0,30.0,0.0,130.0,30.0,0.0,0.0,0.0,-13.0,-15.0,0.0,0.0,0.0,0.0,0.0,0.0,0.0,0.0,0.0,0.0,52.0,30.0,0.0,26.0,0.0,0.0,0.0,90.0,0.0,0.0,0.0,0.0,0.0,0.0,0.0,0.0,0.0,26.0,0.0,0.0,0.0,26.0,0.0,0.0,0.0,0.0,0.0,0.0,0.0,0.0,26.0,0.0,-6.0,0.0,0.0,0.0,0.0,0.0,0.0,0.0,0.0,0.0,130.0,30.0,0.0,0.0,0.0,0.0,0.0,0.0,0.0,7.0,0.0,0.0,0.0,0.0,35.0,18.0,40.0,26.0,120.0,0.0,0.0
166,Thu 14th Sep 2017,0.0,0.0,0.0,0.0,0.0,0.0,0.0,0.0,30.0,0.0,0.0,52.0,60.0,0.0,0.0,0.0,26.0,30.0,0.0,104.0,24.0,0.0,208.0,0.0,0.0,104.0,60.0,0.0,0.0,0.0,-26.0,-15.0,0.0,0.0,0.0,0.0,0.0,0.0,0.0,0.0,0.0,0.0,26.0,0.0,0.0,0.0,0.0,0.0,0.0,30.0,0.0,0.0,0.0,0.0,0.0,0.0,26.0,30.0,0.0,78.0,60.0,0.0,0.0,0.0,0.0,0.0,0.0,0.0,0.0,0.0,0.0,0.0,0.0,0.0,-6.0,0.0,52.0,90.0,0.0,0.0,0.0,0.0,0.0,80.0,52.0,30.0,0.0,0.0,0.0,0.0,0.0,0.0,0.0,0.0,0.0,26.0,0.0,0.0,50.0,12.0,0.0,78.0,0.0,0.0,0.0
167,Fri 15th Sep 2017,0.0,0.0,0.0,0.0,0.0,0.0,0.0,26.0,0.0,0.0,0.0,26.0,0.0,0.0,0.0,0.0,26.0,0.0,0.0,78.0,0.0,40.0,78.0,30.0,0.0,78.0,0.0,0.0,0.0,-20.0,-52.0,-15.0,0.0,0.0,0.0,-52.0,0.0,0.0,0.0,0.0,0.0,0.0,208.0,30.0,0.0,26.0,0.0,0.0,0.0,30.0,0.0,0.0,0.0,0.0,0.0,0.0,0.0,0.0,40.0,52.0,0.0,0.0,0.0,52.0,0.0,0.0,0.0,0.0,0.0,0.0,60.0,0.0,26.0,0.0,-24.0,0.0,286.0,60.0,0.0,0.0,0.0,0.0,0.0,0.0,104.0,0.0,0.0,0.0,-26.0,0.0,0.0,0.0,0.0,7.0,0.0,0.0,0.0,8.0,40.0,18.0,40.0,26.0,0.0,0.0,0.0
168,Sat 16th Sep 2017,5.0,0.0,0.0,0.0,0.0,0.0,0.0,0.0,0.0,0.0,0.0,0.0,30.0,0.0,0.0,0.0,0.0,0.0,0.0,26.0,0.0,80.0,52.0,90.0,120.0,52.0,30.0,0.0,0.0,0.0,-39.0,-30.0,0.0,0.0,0.0,0.0,0.0,0.0,0.0,0.0,0.0,40.0,26.0,30.0,0.0,0.0,0.0,45.0,0.0,30.0,0.0,0.0,26.0,0.0,0.0,0.0,0.0,0.0,0.0,0.0,0.0,0.0,40.0,26.0,0.0,0.0,0.0,0.0,0.0,0.0,0.0,0.0,0.0,30.0,0.0,80.0,182.0,30.0,0.0,0.0,0.0,0.0,0.0,0.0,0.0,0.0,0.0,0.0,0.0,0.0,0.0,0.0,0.0,7.0,0.0,0.0,0.0,64.0,25.0,6.0,80.0,52.0,30.0,0.0,0.0
169,Sun 17th Sep 2017,0.0,0.0,0.0,0.0,0.0,0.0,0.0,0.0,0.0,0.0,0.0,0.0,0.0,0.0,0.0,0.0,0.0,0.0,120.0,26.0,0.0,80.0,104.0,30.0,40.0,0.0,0.0,0.0,0.0,-20.0,0.0,0.0,0.0,0.0,0.0,0.0,0.0,0.0,0.0,0.0,0.0,40.0,0.0,0.0,40.0,0.0,0.0,0.0,0.0,0.0,0.0,0.0,0.0,0.0,0.0,0.0,0.0,0.0,0.0,0.0,0.0,0.0,0.0,0.0,0.0,0.0,0.0,0.0,0.0,0.0,0.0,0.0,0.0,0.0,0.0,0.0,0.0,60.0,0.0,0.0,0.0,0.0,0.0,0.0,0.0,0.0,0.0,0.0,0.0,0.0,0.0,0.0,0.0,0.0,0.0,0.0,0.0,32.0,5.0,6.0,0.0,0.0,0.0,0.0,0.0
170,Mon 18th Sep 2017,0.0,0.0,0.0,0.0,0.0,0.0,0.0,0.0,0.0,0.0,40.0,26.0,0.0,0.0,0.0,0.0,0.0,60.0,0.0,26.0,24.0,0.0,130.0,30.0,0.0,104.0,0.0,0.0,0.0,0.0,-91.0,-15.0,0.0,0.0,0.0,0.0,0.0,0.0,0.0,0.0,0.0,0.0,182.0,30.0,0.0,52.0,0.0,0.0,0.0,120.0,0.0,0.0,0.0,0.0,0.0,0.0,78.0,0.0,0.0,208.0,243.33333,0.0,0.0,0.0,30.0,0.0,0.0,0.0,0.0,78.0,240.0,0.0,0.0,0.0,-6.0,40.0,234.0,240.0,0.0,0.0,0.0,0.0,0.0,0.0,78.0,186.66667,0.0,0.0,0.0,0.0,0.0,0.0,0.0,0.0,0.0,26.0,0.0,0.0,55.0,6.0,0.0,78.0,30.0,0.0,0.0
171,Tue 19th Sep 2017,0.0,0.0,9.0,0.0,0.0,-5.0,0.0,52.0,0.0,0.0,0.0,52.0,0.0,0.0,0.0,0.0,78.0,0.0,40.0,52.0,0.0,0.0,234.0,0.0,40.0,156.0,0.0,0.0,0.0,0.0,-91.0,0.0,0.0,0.0,0.0,0.0,0.0,0.0,0.0,0.0,0.0,0.0,208.0,0.0,0.0,104.0,0.0,0.0,0.0,30.0,0.0,0.0,0.0,0.0,0.0,0.0,52.0,60.0,0.0,182.0,30.0,0.0,0.0,26.0,0.0,0.0,0.0,0.0,0.0,52.0,0.0,0.0,26.0,0.0,-24.0,0.0,442.0,60.0,0.0,0.0,0.0,0.0,0.0,40.0,26.0,0.0,0.0,0.0,-26.0,0.0,0.0,0.0,0.0,0.0,0.0,78.0,30.0,8.0,70.0,6.0,0.0,104.0,0.0,0.0,0.0
172,Wed 20th Sep 2017,5.0,0.0,0.0,0.0,0.0,0.0,0.0,52.0,0.0,0.0,0.0,78.0,0.0,0.0,0.0,30.0,26.0,0.0,0.0,26.0,12.0,0.0,182.0,30.0,0.0,78.0,30.0,0.0,0.0,0.0,-104.0,0.0,0.0,0.0,0.0,0.0,0.0,0.0,0.0,0.0,0.0,0.0,130.0,0.0,0.0,26.0,0.0,0.0,0.0,60.0,0.0,0.0,0.0,0.0,0.0,0.0,52.0,30.0,0.0,130.0,0.0,0.0,0.0,0.0,30.0,0.0,0.0,0.0,0.0,26.0,0.0,0.0,0.0,0.0,-60.0,0.0,364.0,60.0,0.0,0.0,0.0,0.0,0.0,0.0,26.0,0.0,0.0,0.0,0.0,0.0,0.0,0.0,0.0,0.0,0.0,0.0,0.0,0.0,35.0,12.0,0.0,0.0,0.0,0.0,0.0
173,Thu 21st Sep 2017,0.0,0.0,0.0,0.0,8.0,0.0,0.0,0.0,0.0,0.0,0.0,0.0,0.0,0.0,0.0,30.0,0.0,0.0,0.0,78.0,0.0,40.0,104.0,0.0,0.0,156.0,30.0,0.0,0.0,0.0,-26.0,-15.0,0.0,0.0,0.0,-26.0,0.0,0.0,0.0,0.0,0.0,0.0,130.0,30.0,0.0,0.0,0.0,0.0,0.0,60.0,0.0,0.0,26.0,30.0,0.0,0.0,338.0,30.0,0.0,130.0,60.0,0.0,0.0,0.0,0.0,0.0,0.0,0.0,0.0,26.0,0.0,0.0,0.0,0.0,-48.0,0.0,78.0,30.0,0.0,0.0,0.0,0.0,0.0,0.0,52.0,0.0,0.0,0.0,0.0,0.0,0.0,0.0,0.0,0.0,0.0,0.0,30.0,0.0,55.0,12.0,0.0,0.0,0.0,0.0,0.0
174,Fri 22nd Sep 2017,0.0,0.0,0.0,0.0,0.0,0.0,0.0,26.0,0.0,0.0,0.0,0.0,0.0,0.0,0.0,0.0,78.0,30.0,0.0,52.0,0.0,0.0,130.0,0.0,40.0,78.0,0.0,0.0,0.0,0.0,-39.0,0.0,0.0,0.0,0.0,0.0,0.0,0.0,0.0,0.0,0.0,0.0,52.0,30.0,0.0,104.0,0.0,0.0,0.0,60.0,0.0,0.0,0.0,0.0,0.0,0.0,182.0,0.0,0.0,286.0,30.0,0.0,0.0,26.0,0.0,0.0,0.0,0.0,0.0,0.0,60.0,0.0,0.0,0.0,-42.0,0.0,52.0,0.0,0.0,0.0,0.0,0.0,0.0,0.0,26.0,0.0,0.0,0.0,0.0,0.0,0.0,0.0,0.0,0.0,0.0,52.0,0.0,0.0,45.0,12.0,40.0,0.0,0.0,0.0,0.0
175,Sat 23rd Sep 2017,0.0,0.0,3.0,0.0,0.0,0.0,0.0,52.0,30.0,0.0,0.0,0.0,30.0,0.0,0.0,0.0,26.0,0.0,0.0,0.0,0.0,40.0,208.0,30.0,0.0,26.0,30.0,0.0,0.0,0.0,-78.0,-30.0,0.0,0.0,0.0,0.0,0.0,0.0,0.0,0.0,0.0,40.0,104.0,30.0,0.0,0.0,0.0,0.0,0.0,0.0,0.0,0.0,0.0,0.0,0.0,80.0,156.0,60.0,40.0,104.0,60.0,0.0,0.0,0.0,0.0,0.0,0.0,0.0,0.0,52.0,60.0,80.0,0.0,0.0,0.0,80.0,26.0,30.0,0.0,0.0,0.0,0.0,0.0,40.0,0.0,0.0,0.0,0.0,0.0,0.0,0.0,0.0,0.0,0.0,0.0,26.0,30.0,16.0,10.0,0.0,0.0,0.0,0.0,0.0,0.0
176,Sun 24th Sep 2017,0.0,0.0,3.0,0.0,0.0,0.0,0.0,0.0,0.0,0.0,0.0,0.0,0.0,0.0,0.0,0.0,52.0,0.0,0.0,78.0,0.0,0.0,0.0,0.0,0.0,0.0,0.0,0.0,0.0,0.0,-13.0,0.0,0.0,0.0,0.0,0.0,0.0,0.0,0.0,0.0,0.0,0.0,130.0,0.0,0.0,0.0,0.0,0.0,0.0,0.0,0.0,0.0,0.0,0.0,0.0,0.0,78.0,60.0,40.0,26.0,60.0,0.0,0.0,26.0,0.0,0.0,0.0,0.0,0.0,26.0,0.0,0.0,26.0,0.0,0.0,0.0,26.0,30.0,0.0,0.0,0.0,0.0,0.0,0.0,26.0,0.0,0.0,0.0,0.0,0.0,0.0,0.0,0.0,0.0,40.0,0.0,0.0,8.0,40.0,6.0,0.0,52.0,0.0,0.0,0.0
177,Mon 25th Sep 2017,0.0,0.0,3.0,0.0,8.0,0.0,0.0,0.0,0.0,0.0,0.0,26.0,0.0,0.0,0.0,0.0,78.0,0.0,0.0,130.0,10.0,0.0,0.0,0.0,0.0,130.0,0.0,0.0,0.0,0.0,-78.0,0.0,0.0,-884.0,0.0,-26.0,0.0,0.0,0.0,0.0,0.0,0.0,390.0,30.0,80.0,156.0,0.0,0.0,0.0,30.0,0.0,0.0,0.0,0.0,0.0,0.0,572.0,0.0,0.0,182.0,0.0,0.0,0.0,52.0,0.0,0.0,0.0,0.0,0.0,104.0,0.0,0.0,52.0,0.0,-6.0,40.0,494.0,0.0,0.0,0.0,0.0,0.0,0.0,0.0,78.0,30.0,0.0,0.0,-26.0,0.0,0.0,0.0,0.0,0.0,0.0,26.0,0.0,0.0,110.0,0.0,0.0,52.0,0.0,0.0,0.0
178,Tue 26th Sep 2017,0.0,0.0,6.0,0.0,0.0,0.0,0.0,0.0,30.0,-130.0,0.0,0.0,0.0,0.0,0.0,0.0,104.0,30.0,0.0,130.0,0.0,0.0,0.0,0.0,0.0,104.0,0.0,0.0,0.0,0.0,-91.0,0.0,0.0,0.0,0.0,0.0,0.0,0.0,0.0,0.0,0.0,0.0,260.0,0.0,0.0,234.0,0.0,0.0,0.0,120.0,0.0,0.0,0.0,30.0,0.0,40.0,52.0,0.0,0.0,104.0,0.0,12.0,0.0,0.0,0.0,0.0,0.0,0.0,40.0,104.0,0.0,0.0,0.0,0.0,-24.0,40.0,390.0,60.0,0.0,0.0,0.0,0.0,0.0,0.0,26.0,0.0,0.0,0.0,0.0,0.0,0.0,0.0,0.0,0.0,0.0,0.0,0.0,8.0,70.0,6.0,0.0,0.0,0.0,0.0,0.0
179,Wed 27th Sep 2017,0.0,0.0,9.0,0.0,0.0,0.0,0.0,52.0,30.0,-234.0,0.0,26.0,0.0,0.0,0.0,30.0,416.0,0.0,0.0,156.0,25.0,0.0,0.0,0.0,0.0,52.0,0.0,0.0,36.0,0.0,-156.0,-15.0,0.0,0.0,0.0,-26.0,0.0,0.0,0.0,0.0,0.0,40.0,130.0,0.0,0.0,390.0,90.0,0.0,0.0,30.0,0.0,0.0,26.0,0.0,0.0,0.0,26.0,0.0,0.0,0.0,0.0,0.0,0.0,26.0,0.0,0.0,0.0,0.0,40.0,208.0,0.0,0.0,0.0,0.0,-48.0,0.0,494.0,60.0,0.0,0.0,0.0,0.0,-26.0,0.0,78.0,0.0,0.0,0.0,-26.0,0.0,0.0,0.0,0.0,7.0,0.0,26.0,0.0,16.0,80.0,18.0,0.0,26.0,0.0,0.0,0.0
180,Thu 28th Sep 2017,5.0,0.0,3.0,0.0,0.0,0.0,0.0,26.0,0.0,-208.0,0.0,52.0,30.0,0.0,0.0,0.0,0.0,0.0,0.0,0.0,0.0,0.0,26.0,270.0,0.0,0.0,0.0,0.0,36.0,0.0,-26.0,0.0,0.0,0.0,0.0,0.0,0.0,0.0,0.0,0.0,0.0,0.0,312.0,0.0,40.0,338.0,0.0,0.0,0.0,30.0,0.0,0.0,0.0,0.0,0.0,0.0,0.0,0.0,0.0,78.0,30.0,0.0,0.0,0.0,30.0,0.0,0.0,26.0,0.0,260.0,0.0,0.0,26.0,0.0,-54.0,40.0,156.0,30.0,0.0,0.0,0.0,0.0,-26.0,0.0,156.0,30.0,0.0,0.0,0.0,0.0,0.0,0.0,0.0,0.0,0.0,26.0,0.0,8.0,60.0,0.0,0.0,26.0,0.0,0.0,0.0
181,Fri 29th Sep 2017,0.0,0.0,15.0,0.0,0.0,0.0,0.0,0.0,0.0,-260.0,0.0,26.0,0.0,0.0,0.0,0.0,130.0,0.0,0.0,0.0,0.0,0.0,338.0,30.0,0.0,52.0,0.0,0.0,0.0,0.0,-39.0,0.0,0.0,-26.0,0.0,-26.0,0.0,0.0,0.0,0.0,0.0,0.0,260.0,30.0,40.0,338.0,0.0,0.0,0.0,90.0,0.0,0.0,0.0,0.0,0.0,0.0,52.0,0.0,0.0,78.0,0.0,0.0,40.0,52.0,60.0,0.0,0.0,0.0,0.0,130.0,60.0,0.0,0.0,0.0,-84.0,0.0,442.0,30.0,0.0,0.0,0.0,0.0,0.0,0.0,78.0,0.0,0.0,0.0,0.0,0.0,0.0,0.0,0.0,0.0,0.0,52.0,0.0,8.0,70.0,24.0,40.0,26.0,0.0,0.0,0.0
182,Sat 30th Sep 2017,0.0,0.0,0.0,0.0,0.0,0.0,0.0,0.0,0.0,-26.0,0.0,26.0,0.0,0.0,40.0,0.0,52.0,0.0,0.0,0.0,0.0,40.0,104.0,0.0,0.0,0.0,0.0,0.0,108.0,0.0,-13.0,-15.0,0.0,0.0,0.0,0.0,0.0,0.0,0.0,0.0,0.0,40.0,78.0,30.0,0.0,52.0,0.0,0.0,0.0,0.0,0.0,0.0,0.0,0.0,0.0,80.0,26.0,0.0,40.0,0.0,0.0,0.0,0.0,104.0,0.0,0.0,0.0,0.0,0.0,52.0,0.0,0.0,26.0,0.0,-60.0,40.0,78.0,30.0,0.0,0.0,0.0,0.0,0.0,40.0,0.0,0.0,0.0,0.0,0.0,0.0,0.0,0.0,0.0,0.0,40.0,26.0,0.0,0.0,25.0,6.0,40.0,0.0,0.0,0.0,0.0
